Journal name,JCR Abbreviation,Publisher,ISSN,eISSN,Category,Edition,Total Citations,2023 JIF,2023 JCI,% of Citable OA,JIF Rank,5 Year JIF,5 Year JIF Quartile,JIF Without Self Cites,Immediacy Index,JCI Rank,JCI Quartile,JCI Percentile,Eigenfactor,Normalized Eigenfactor,Article Influence Score,JIF Percentile,JIF Quartile,AIS Quartile,Citable Items,% of Articles in Citable items,Cited Half-Life,Citing Half-Life,Total Articles
"Journal of Business Research","J BUS RES","ELSEVIER SCIENCE INC","0148-2963","1873-7978","BUSINESS","SSCI","75,004","10.5","2.19","19.87"%," 9/304 ","11.2","Q1","9.7","1.9"," 11/304 ","Q1","96.55","0.069","15.212","2.105","97.2","Q1","Q1","720","93.33"%,"4.4","8.6","672",
"JOURNAL OF BUSINESS ETHICS","J BUS ETHICS","SPRINGER","0167-4544","1573-0697","BUSINESS","SSCI","51,311","5.9","1.77","33.85"%," 47/304 ","8","Q1","5.5","1"," 27/304 ","Q1","91.28","0.034","7.413","1.93","84.7","Q1","Q1","252","98.81"%,"8.7","10.5","249",
"TECHNOLOGICAL FORECASTING AND SOCIAL CHANGE","TECHNOL FORECAST SOC","ELSEVIER SCIENCE INC","0040-1625","1873-5509","BUSINESS","SSCI","50,385","12.9","2.6","22.65"%," 4/304 ","13","Q1","11.7","2.9"," 5/304 ","Q1","98.52","0.05","11.026","2.152","98.8","Q1","Q1","730","95.75"%,"3.3","5.8","699",
"ACADEMY OF MANAGEMENT JOURNAL","ACAD MANAGE J","ACAD MANAGEMENT","0001-4273","1948-0989","BUSINESS","SSCI","47,035","9.5","2.31","0"%," 14/304 ","13.6","Q1","9","3.8"," 9/304 ","Q1","97.20","0.024","5.208","7.656","95.6","Q1","Q1","68","98.53"%,"16.6","13.4","67",
"STRATEGIC MANAGEMENT JOURNAL","STRATEGIC MANAGE J","WILEY","0143-2095","1097-0266","BUSINESS","SSCI","44,943","6.5","1.56","35.38"%," 39/304 ","12","Q1","6","1.2"," 37/304 ","Q1","87.99","0.025","5.578","5.627","87.3","Q1","Q1","85","100"%,"15.6","13.2","85",
"ACADEMY OF MANAGEMENT REVIEW","ACAD MANAGE REV","ACAD MANAGEMENT","0363-7425","1930-3807","BUSINESS","SSCI","40,929","19.3","3.45","0"%," 1/304 ","17.1","Q1","18.7","4.8"," 2/304 ","Q1","99.51","0.014","3.06","9.144","99.8","Q1","Q1","33","90.91"%,"23.2","14.4","30",
"JOURNAL OF MANAGEMENT","J MANAGE","SAGE PUBLICATIONS INC","0149-2063","1557-1211","BUSINESS","SSCI","34,936","9.3","2.03","20.76"%," 17/304 ","14.7","Q1","8.9","1.2"," 14/304 ","Q1","95.56","0.024","5.309","5.668","94.6","Q1","Q1","96","78.13"%,"12.3","11.5","75",
"JOURNAL OF MARKETING RESEARCH","J MARKETING RES","SAGE PUBLICATIONS INC","0022-2437","1547-7193","BUSINESS","SSCI","28,218","5.1","1.1","15.64"%," 65/304 ","7.4","Q1","4.8","0.8"," 72/304 ","Q1","76.48","0.01","2.276","3.804","78.8","Q1","Q1","73","97.26"%,"32.8","11.3","71",
"JOURNAL OF MARKETING","J MARKETING","SAGE PUBLICATIONS INC","0022-2429","1547-7185","BUSINESS","SSCI","27,613","11.5","2.34","21.15"%," 7/304 ","15","Q1","11","1.4"," 8/304 ","Q1","97.53","0.013","2.816","5.842","97.9","Q1","Q1","47","100"%,"18.5","11.5","47",
"JOURNAL OF CONSUMER RESEARCH","J CONSUM RES","OXFORD UNIV PRESS INC","0093-5301","1537-5277","BUSINESS","SSCI","24,293","5.7","1.24","18.32"%," 54/304 ","8.6","Q1","5.2","1.5"," 59/304 ","Q1","80.76","0.01","2.098","3.517","82.4","Q1","Q1","57","100"%,"17.5","12.4","57",
"Journal of Retailing and Consumer Services","J RETAIL CONSUM SERV","ELSEVIER SCI LTD","0969-6989","1873-1384","BUSINESS","SSCI","24,102","11","2.36","13.22"%," 8/304 ","11.2","Q1","8.6","2.2"," 7/304 ","Q1","97.86","0.022","4.789","1.675","97.5","Q1","Q1","386","98.19"%,"3.4","5.3","379",
"Business Strategy and the Environment","BUS STRATEG ENVIRON","WILEY","0964-4733","1099-0836","BUSINESS","SSCI","22,887","12.5","2.67","40.22"%," 5/304 ","14","Q1","10.8","1.6"," 4/304 ","Q1","98.85","0.02","4.423","2.068","98.5","Q1","Q1","305","95.41"%,"3.6","5.8","291",
"ADMINISTRATIVE SCIENCE QUARTERLY","ADMIN SCI QUART","SAGE PUBLICATIONS INC","0001-8392","1930-3815","BUSINESS","SSCI","20,946","8.3","1.98","34.72"%," 23/304 ","13.5","Q1","7.7","1"," 18/304 ","Q1","94.24","0.011","2.496","9.529","92.6","Q1","Q1","25","100"%,"24.7","13.4","25",
"JOURNAL OF THE ACADEMY OF MARKETING SCIENCE","J ACAD MARKET SCI","SPRINGER","0092-0703","1552-7824","BUSINESS","SSCI","20,870","9.5","2.05","33.82"%," 14/304 ","14.6","Q1","8.9","1.1"," 13/304 ","Q1","95.89","0.011","2.431","4.026","95.6","Q1","Q1","68","98.53"%,"8.9","10.5","67",
"HARVARD BUSINESS REVIEW","HARVARD BUS REV","HARVARD BUSINESS SCHOOL PUBLISHING CORPORATION","0017-8012","0017-8012","BUSINESS","SSCI","19,687","9.1","0.33","0"%," 18/304 ","12","Q1","9.1","1.5"," 221/304 ","Q3","27.47","0.014","3.05","5.021","94.2","Q1","Q1","80","100"%,"15.2","N/A","80",
"JOURNAL OF ORGANIZATIONAL BEHAVIOR","J ORGAN BEHAV","WILEY","0894-3796","1099-1379","BUSINESS","SSCI","18,578","6.2","1.44","32.16"%," 43/304 ","9.4","Q1","6","0.8"," 43/304 ","Q1","86.02","0.011","2.394","3.5","86.0","Q1","Q1","64","85.94"%,"12.3","12.8","55",
"INDUSTRIAL MARKETING MANAGEMENT","IND MARKET MANAG","ELSEVIER SCIENCE INC","0019-8501","1873-2062","BUSINESS","SSCI","18,260","7.8","1.82","30.13"%," 27/304 ","8.8","Q1","6.4","1.3"," 25/304 ","Q1","91.94","0.012","2.733","1.482","91.3","Q1","Q1","164","95.73"%,"6","8.4","157",
"JOURNAL OF INTERNATIONAL BUSINESS STUDIES","J INT BUS STUD","PALGRAVE MACMILLAN LTD","0047-2506","1478-6990","BUSINESS","SSCI","18,176","8.6","1.62","32.74"%," 21/304 ","12.3","Q1","7.6","1.8"," 33/304 ","Q1","89.31","0.013","2.818","3.973","93.3","Q1","Q1","65","90.77"%,"12.2","10.3","59",
"JOURNAL OF MANAGEMENT STUDIES","J MANAGE STUD","WILEY","0022-2380","1467-6486","BUSINESS","SSCI","16,196","7","1.55","58.36"%," 36/304 ","10.8","Q1","6.3","1"," 38/304 ","Q1","87.66","0.013","2.816","4.053","88.3","Q1","Q1","106","95.28"%,"12.3","11.2","101",
"JOURNAL OF BUSINESS VENTURING","J BUS VENTURING","ELSEVIER","0883-9026","1873-2003","BUSINESS","SSCI","15,823","7.7","1.58","27.75"%," 29/304 ","11.1","Q1","6.9","0.9"," 35/304 ","Q1","88.65","0.009","1.945","3.847","90.6","Q1","Q1","47","100"%,"12.5","10.8","47",
"ENTREPRENEURSHIP THEORY AND PRACTICE","ENTREP THEORY PRACT","SAGE PUBLICATIONS INC","1042-2587","1540-6520","BUSINESS","SSCI","15,652","7.8","1.55","35.63"%," 27/304 ","11.3","Q1","7.3","1"," 38/304 ","Q1","87.66","0.009","1.935","3.558","91.3","Q1","Q1","32","100"%,"11.4","11.1","32",
"SMALL BUSINESS ECONOMICS","SMALL BUS ECON","SPRINGER","0921-898X","1573-0913","BUSINESS","SSCI","13,843","6.5","1.5","49.79"%," 39/304 ","7.6","Q1","5.8","0.8"," 40/304 ","Q1","87.01","0.012","2.573","1.759","87.3","Q1","Q1","137","99.27"%,"6.9","10","136",
"Corporate Social Responsibility and Environmental Management","CORP SOC RESP ENV MA","WILEY","1535-3958","1535-3966","BUSINESS","SSCI","12,292","8.3","1.87","29.4"%," 23/304 ","10.7","Q1","7","1.6"," 23/304 ","Q1","92.60","0.01","2.246","1.459","92.6","Q1","Q1","250","91.6"%,"3.9","6.6","229",
"PSYCHOLOGY & MARKETING","PSYCHOL MARKET","WILEY","0742-6046","1520-6793","BUSINESS","SSCI","11,090","8.9","1.98","31.93"%," 19/304 ","7.9","Q1","7.5","1.2"," 18/304 ","Q1","94.24","0.008","1.861","1.708","93.9","Q1","Q1","158","88.61"%,"7.3","8.1","140",
"JOURNAL OF ENVIRONMENTAL ECONOMICS AND MANAGEMENT","J ENVIRON ECON MANAG","ACADEMIC PRESS INC ELSEVIER SCIENCE","0095-0696","1096-0449","BUSINESS","SSCI","10,646","5.5","1.26","29.18"%," 56/304 ","7.1","Q1","5.3","1.2"," 57/304 ","Q1","81.41","0.011","2.472","2.757","81.7","Q1","Q1","102","100"%,"9.4","8.4","102",
"MANAGEMENT DECISION","MANAGE DECIS","EMERALD GROUP PUBLISHING LTD","0025-1747","1758-6070","BUSINESS","SSCI","10,185","4.1","1","10.3"%," 87/304 ","5.8","Q1","3.5","1.3"," 89/304 ","Q2","70.89","0.006","1.355","0.927","71.5","Q2","Q2","221","93.67"%,"6.2","6.9","207",
"EUROPEAN JOURNAL OF MARKETING","EUR J MARKETING","EMERALD GROUP PUBLISHING LTD","0309-0566","1758-7123","BUSINESS","SSCI","9,520","3.7","0.78","9.72"%," 107/304 ","5.5","Q2","3.4","0.9"," 112/304 ","Q2","63.32","0.006","1.344","1.169","65.0","Q2","Q2","112","95.54"%,"9.3","10","107",
"JOURNAL OF RETAILING","J RETAILING","ELSEVIER SCIENCE INC","0022-4359","1873-3271","BUSINESS","SSCI","9,205","8","1.84","18.11"%," 25/304 ","9.1","Q1","7.4","1.8"," 24/304 ","Q1","92.27","0.004","0.789","2.41","91.9","Q1","Q1","38","94.74"%,"14.3","8.9","36",
"Academy of Management Annals","ACAD MANAG ANN","ACAD MANAGEMENT","1941-6520","1941-6067","BUSINESS","SSCI","9,198","14.3","3.3","0"%," 3/304 ","25.1","Q1","13.9","4.3"," 3/304 ","Q1","99.18","0.014","2.972","13.732","99.2","Q1","Q1","23","69.57"%,"7.6","10.9","16",
"IEEE TRANSACTIONS ON ENGINEERING MANAGEMENT","IEEE T ENG MANAGE","IEEE-INST ELECTRICAL ELECTRONICS ENGINEERS INC","0018-9391","1558-0040","BUSINESS","SSCI","9,043","4.6","1.23","6.96"%," 73/304 ","4.9","Q2","3.8","1.3"," 61/304 ","Q1","80.10","0.008","1.851","0.83","76.2","Q1","Q2","357","93.84"%,"2.7","6.3","335",
"JOURNAL OF PRODUCT INNOVATION MANAGEMENT","J PROD INNOVAT MANAG","WILEY","0737-6782","1540-5885","BUSINESS","SSCI","8,894","10.1","1.67","59.38"%," 10/304 ","12.9","Q1","8.6","1.6"," 30/304 ","Q1","90.30","0.004","0.849","2.761","96.9","Q1","Q1","58","93.1"%,"9.5","8.1","54",
"MARKETING SCIENCE","MARKET SCI","INFORMS","0732-2399","1526-548X","BUSINESS","SSCI","8,851","4","0.89","0"%," 92/304 ","5.4","Q2","3.7","0.7"," 100/304 ","Q2","67.27","0.008","1.803","3.127","69.9","Q2","Q1","54","98.15"%,"13.4","8.4","53",
"LONG RANGE PLANNING","LONG RANGE PLANN","ELSEVIER SCI LTD","0024-6301","1873-1872","BUSINESS","SSCI","8,443","7.4","2.01","32.7"%," 32/304 ","10.2","Q1","7","2.1"," 15/304 ","Q1","95.23","0.006","1.299","2.655","89.6","Q1","Q1","52","98.08"%,"10.2","13.3","51",
"International Business Review","INT BUS REV","ELSEVIER","0969-5931","1873-6149","BUSINESS","SSCI","8,442","5.9","1.34","18.18"%," 47/304 ","7.8","Q1","5.2","2.4"," 50/304 ","Q1","83.72","0.006","1.36","1.65","84.7","Q1","Q1","93","98.92"%,"6.7","11.3","92",
"JOURNAL OF WORLD BUSINESS","J WORLD BUS","ELSEVIER SCIENCE INC","1090-9516","1878-5573","BUSINESS","SSCI","8,271","8.9","1.75","30.17"%," 19/304 ","9.2","Q1","8","2.4"," 28/304 ","Q1","90.95","0.007","1.63","2.863","93.9","Q1","Q1","41","90.24"%,"7.6","9.3","37",
"BRITISH JOURNAL OF MANAGEMENT","BRIT J MANAGE","WILEY","1045-3172","1467-8551","BUSINESS","SSCI","8,149","4.5","1.04","40.88"%," 75/304 ","6.4","Q1","3.8","0.9"," 81/304 ","Q2","73.52","0.005","1.191","1.57","75.5","Q1","Q1","83","98.8"%,"10.3","10","82",
"JOURNAL OF CONSUMER PSYCHOLOGY","J CONSUM PSYCHOL","JOHN WILEY & SONS LTD","1057-7408","1532-7663","BUSINESS","SSCI","7,881","4","1.07","24.26"%," 92/304 ","4.8","Q2","3.8","1"," 78/304 ","Q2","74.51","0.005","1.129","2.193","69.9","Q2","Q1","52","98.08"%,"11.7","10.1","51",
"BUSINESS HORIZONS","BUS HORIZONS","ELSEVIER","0007-6813","1873-6068","BUSINESS","SSCI","7,848","5.8","1.49","16.15"%," 53/304 ","8.5","Q1","5.4","1.8"," 41/304 ","Q1","86.68","0.005","1.194","1.803","82.7","Q1","Q1","50","98"%,"7.2","6.7","49",
"CALIFORNIA MANAGEMENT REVIEW","CALIF MANAGE REV","SAGE PUBLICATIONS INC","0008-1256","2162-8564","BUSINESS","SSCI","7,677","6.3","1.9","36.84"%," 41/304 ","17.3","Q1","6","0.9"," 22/304 ","Q1","92.93","0.004","0.88","4.068","86.7","Q1","Q1","29","100"%,"14.1","8.8","29",
"JOURNAL OF SERVICE RESEARCH","J SERV RES-US","SAGE PUBLICATIONS INC","1094-6705","1552-7379","BUSINESS","SSCI","7,619","9.8","1.97","45.69"%," 12/304 ","13.4","Q1","8.5","0.9"," 20/304 ","Q1","93.59","0.005","1.051","3.419","96.2","Q1","Q1","53","96.23"%,"9.9","8.8","51",
"SUPPLY CHAIN MANAGEMENT-AN INTERNATIONAL JOURNAL","SUPPLY CHAIN MANAG","EMERALD GROUP PUBLISHING LTD","1359-8546","1758-6852","BUSINESS","SSCI","7,473","7.9","1.63","12.73"%," 26/304 ","10.7","Q1","7.1","1.4"," 32/304 ","Q1","89.64","0.004","0.879","1.797","91.6","Q1","Q1","49","97.96"%,"8.1","6.5","48",
"European Management Journal","EUR MANAG J","ELSEVIER SCI LTD","0263-2373","1873-5681","BUSINESS","SSCI","6,787","7.5","1.62","23.42"%," 30/304 ","7.2","Q1","7.1","3.7"," 33/304 ","Q1","89.31","0.004","0.923","1.454","90.3","Q1","Q1","85","87.06"%,"7.4","9.3","74",
"International Journal of Consumer Studies","INT J CONSUM STUD","WILEY","1470-6423","1470-6431","BUSINESS","SSCI","6,728","8.6","1.42","17.99"%," 21/304 ","7.7","Q1","7.2","1.4"," 45/304 ","Q1","85.36","0.005","1.081","1.333","93.3","Q1","Q1","107","57.01"%,"5.4","6.2","61",
"INTERNATIONAL JOURNAL OF MANAGEMENT REVIEWS","INT J MANAG REV","WILEY","1460-8545","1468-2370","BUSINESS","SSCI","6,706","7.5","1.35","53.61"%," 30/304 ","12.3","Q1","7","2.1"," 49/304 ","Q1","84.05","0.004","0.931","3.281","90.3","Q1","Q1","29","20.69"%,"9.5","8.2","6",
"JOURNAL OF ADVERTISING","J ADVERTISING","ROUTLEDGE JOURNALS, TAYLOR & FRANCIS LTD","0091-3367","1557-7805","BUSINESS","SSCI","6,506","5.4","1.67","17.53"%," 59/304 ","7.6","Q1","5","0.6"," 30/304 ","Q1","90.30","0.004","0.778","2.096","80.8","Q1","Q1","40","92.5"%,"11.4","9.9","37",
"Internet Research","INTERNET RES","EMERALD GROUP PUBLISHING LTD","1066-2243","1066-2243","BUSINESS","SSCI","6,129","5.9","1.28","11.61"%," 47/304 ","7.9","Q1","5.2","1.2"," 55/304 ","Q1","82.07","0.006","1.248","1.539","84.7","Q1","Q1","114","96.49"%,"5","7.3","110",
"INTERNATIONAL JOURNAL OF RESEARCH IN MARKETING","INT J RES MARK","ELSEVIER","0167-8116","1873-8001","BUSINESS","SSCI","6,099","5.9","1.31","21.51"%," 47/304 ","7","Q1","5.6","3.3"," 53/304 ","Q1","82.73","0.004","0.948","2.101","84.7","Q1","Q1","49","95.92"%,"10.2","11.3","47",
"PUBLIC RELATIONS REVIEW","PUBLIC RELAT REV","ELSEVIER SCIENCE INC","0363-8111","1873-4537","BUSINESS","SSCI","6,031","4.1","1.4","7.82"%," 87/304 ","5","Q2","3.2","0.7"," 48/304 ","Q1","84.38","0.004","0.792","0.952","71.5","Q2","Q2","91","95.6"%,"7.4","9.3","87",
"JOURNAL OF BUSINESS AND PSYCHOLOGY","J BUS PSYCHOL","SPRINGER","0889-3268","1573-353X","BUSINESS","SSCI","5,921","3.7","1.27","21.32"%," 107/304 ","6.4","Q1","3.6","0.6"," 56/304 ","Q1","81.74","0.007","1.456","2.39","65.0","Q2","Q1","55","94.55"%,"9","11.4","52",
"CORPORATE GOVERNANCE-AN INTERNATIONAL REVIEW","CORP GOV-OXFORD","WILEY","0964-8410","1467-8683","BUSINESS","SSCI","5,546","4.6","0.89","27.13"%," 73/304 ","6.3","Q1","4.3","0.9"," 100/304 ","Q2","67.27","0.002","0.419","1.432","76.2","Q1","Q1","42","100"%,"12.3","12","42",
"European Business Review","EUR BUS REV","EMERALD GROUP PUBLISHING LTD","0955-534X","1758-7107","BUSINESS","ESCI","5,486","4","0.75","4.69"%," 92/304 ","14.9","Q1","3.6","0.8"," 117/304 ","Q2","61.68","0.004","0.956","2.39","69.9","Q2","Q1","63","96.83"%,"4.8","7.8","61",
"Journal of Services Marketing","J SERV MARK","EMERALD GROUP PUBLISHING LTD","0887-6045","0887-6045","BUSINESS","SSCI","5,424","3.8","0.71","7.08"%," 104/304 ","5","Q2","2.9","0.6"," 125/304 ","Q2","59.05","0.003","0.682","0.94","66.0","Q2","Q2","64","93.75"%,"8.3","7.4","60",
"Academy of Management Perspectives","ACAD MANAGE PERSPECT","ACAD MANAGEMENT","1558-9080","N/A","BUSINESS","SSCI","5,412","7.2","2.01","0"%," 33/304 ","9.3","Q1","7","1.7"," 15/304 ","Q1","95.23","0.005","1.075","3.994","89.3","Q1","Q1","23","100"%,"10.2","9.4","23",
"JOURNAL OF BUSINESS & INDUSTRIAL MARKETING","J BUS IND MARK","EMERALD GROUP PUBLISHING LTD","0885-8624","2052-1189","BUSINESS","SSCI","5,399","3.6","0.63","13.05"%," 113/304 ","3.8","Q2","2.7","0.6"," 145/304 ","Q2","52.47","0.004","0.86","0.556","63.0","Q2","Q3","148","98.65"%,"4.7","8.4","146",
"EMERGING MARKETS FINANCE AND TRADE","EMERG MARK FINANC TR","ROUTLEDGE JOURNALS, TAYLOR & FRANCIS LTD","1540-496X","1558-0938","BUSINESS","SSCI","5,392","2.8","1.41","4.17"%," 147/304 ","3.2","Q3","2.6","0.6"," 47/304 ","Q1","84.70","0.005","1.119","0.493","51.8","Q2","Q3","218","100"%,"3.7","6.9","218",
"Journal of Marketing Management","J MARKET MANAG-UK","ROUTLEDGE JOURNALS, TAYLOR & FRANCIS LTD","0267-257X","1472-1376","BUSINESS","SSCI","5,365","3.5","0.85","23.29"%," 119/304 ","5.4","Q2","3.2","0.7"," 108/304 ","Q2","64.64","0.004","0.801","1.284","61.0","Q2","Q1","55","96.36"%,"8.2","8.9","53",
"Electronic Commerce Research and Applications","ELECTRON COMMER R A","ELSEVIER","1567-4223","1873-7846","BUSINESS","SSCI","5,350","5.9","1.24","7.58"%," 47/304 ","6.9","Q1","5.3","1.2"," 59/304 ","Q1","80.76","0.004","0.932","1.208","84.7","Q1","Q2","99","88.89"%,"5.4","6.1","88",
"JOURNAL OF INTERACTIVE MARKETING","J INTERACT MARK","SAGE PUBLICATIONS INC","1094-9968","1520-6653","BUSINESS","SSCI","5,257","6.8","2.22","11.76"%," 37/304 ","10","Q1","6.5","1.5"," 10/304 ","Q1","96.88","0.003","0.731","2.336","88.0","Q1","Q1","28","100"%,"9.3","8.1","28",
"INTERNATIONAL JOURNAL OF ENTREPRENEURIAL BEHAVIOR & RESEARCH","INT J ENTREP BEHAV R","EMERALD GROUP PUBLISHING LTD","1355-2554","1758-6534","BUSINESS","SSCI","5,012","4.5","1.04","18.52"%," 75/304 ","6.2","Q1","3.4","0.7"," 81/304 ","Q2","73.52","0.004","0.876","1.022","75.5","Q1","Q2","137","95.62"%,"4.9","8.2","131",
"R & D MANAGEMENT","R&D MANAGE","WILEY","0033-6807","1467-9310","BUSINESS","SSCI","4,848","6.7","1.33","52.1"%," 38/304 ","7.1","Q1","6","0.6"," 51/304 ","Q1","83.39","0.003","0.589","1.275","87.7","Q1","Q2","62","100"%,"7.9","9","62",
"Family Business Review","FAM BUS REV","SAGE PUBLICATIONS INC","0894-4865","1741-6248","BUSINESS","SSCI","4,788","9.9","1.09","29.27"%," 11/304 ","11.7","Q1","9.1","1.8"," 74/304 ","Q1","75.82","0.002","0.428","2.87","96.5","Q1","Q1","17","100"%,"12.4","10.7","17",
"Journal of Product and Brand Management","J PROD BRAND MANAG","EMERALD GROUP PUBLISHING LTD","1061-0421","2054-1643","BUSINESS","SSCI","4,779","5.2","1.15","7.02"%," 63/304 ","5.7","Q2","4.4","1.2"," 66/304 ","Q1","78.45","0.003","0.73","1.016","79.4","Q1","Q2","57","98.25"%,"6.3","8","56",
"Business & Society","BUS SOC","SAGE PUBLICATIONS INC","0007-6503","1552-4205","BUSINESS","SSCI","4,764","5.3","1.25","31.51"%," 61/304 ","7.2","Q1","5","0.5"," 58/304 ","Q1","81.09","0.005","1.133","2.111","80.1","Q1","Q1","46","100"%,"6.8","10.2","46",
"INDUSTRIAL AND CORPORATE CHANGE","IND CORP CHANGE","OXFORD UNIV PRESS","0960-6491","1464-3650","BUSINESS","SSCI","4,748","2.8","0.67","20.76"%," 147/304 ","3.8","Q2","2.6","0.6"," 135/304 ","Q2","55.76","0.004","0.886","1.368","51.8","Q2","Q1","80","98.75"%,"11.8","11.9","79",
"Construction Management and Economics","CONSTR MANAG ECON","ROUTLEDGE JOURNALS, TAYLOR & FRANCIS LTD","0144-6193","1466-433X","BUSINESS","ESCI","4,731","3","0.64","44.94"%," 136/304 ","3.8","Q2","2.5","0.6"," 143/304 ","Q2","53.13","0.001","0.293","0.558","55.4","Q2","Q3","61","96.72"%,"12.6","8.3","59",
"International Entrepreneurship and Management Journal","INT ENTREP MANAG J","SPRINGER","1554-7191","1555-1938","BUSINESS","SSCI","4,620","6.2","1.19","31.19"%," 43/304 ","7.1","Q1","5.4","1.3"," 64/304 ","Q1","79.11","0.003","0.765","1.198","86.0","Q1","Q2","104","95.19"%,"5.1","8","99",
"International Journal of Retail & Distribution Management","INT J RETAIL DISTRIB","EMERALD GROUP PUBLISHING LTD","0959-0552","1758-6690","BUSINESS","SSCI","4,610","5.5","1.08","14.45"%," 56/304 ","5.5","Q2","4.1","0.9"," 75/304 ","Q1","75.49","0.002","0.543","0.751","81.7","Q1","Q2","94","92.55"%,"6.2","5.8","87",
"International Journal of Bank Marketing","INT J BANK MARK","EMERALD GROUP PUBLISHING LTD","0265-2323","1758-5937","BUSINESS","SSCI","4,511","6.3","1.15","3.93"%," 41/304 ","6.3","Q1","4.9","1.1"," 66/304 ","Q1","78.45","0.003","0.556","0.809","86.7","Q1","Q2","89","98.88"%,"5.4","6.7","88",
"International Small Business Journal-Researching Entrepreneurship","INT SMALL BUS J","SAGE PUBLICATIONS LTD","0266-2426","1741-2870","BUSINESS","SSCI","4,422","4.3","1.15","50"%," 83/304 ","6.4","Q1","4.1","0.1"," 66/304 ","Q1","78.45","0.002","0.543","1.448","72.9","Q2","Q1","21","95.24"%,"8.4","8.6","20",
"Cogent Business & Management","COGENT BUS MANAG","TAYLOR & FRANCIS AS","2331-1975","2331-1975","BUSINESS","ESCI","4,373","3","0.57","97.74"%," 136/304 ","3","Q3","2.3","0.8"," 161/304 ","Q3","47.20","0.003","0.725","0.349","55.4","Q2","Q3","597","92.13"%,"2.8","7.1","550",
"JOURNAL OF CONSUMER MARKETING","J CONSUM MARK","EMERALD GROUP PUBLISHING LTD","0736-3761","2052-1200","BUSINESS","ESCI","4,366","2.7","0.53","2.67"%," 151/304 ","3.1","Q3","2.5","0.5"," 170/304 ","Q3","44.24","0.002","0.407","0.608","50.5","Q2","Q2","53","96.23"%,"11.5","11.2","51",
"Journal of Innovation & Knowledge","J INNOV KNOWL","ELSEVIER ESPANA","2530-7614","2444-569X","BUSINESS","SSCI","4,262","15.6","3.96","96.47"%," 2/304 ","14.6","Q1","14","4.3"," 1/304 ","Q1","99.84","0.004","0.892","2.123","99.5","Q1","Q1","163","96.93"%,"1.8","5.1","158",
"Journal of Marketing Theory and Practice","J MARKET THEORY PRAC","ROUTLEDGE JOURNALS, TAYLOR & FRANCIS LTD","1069-6679","1944-7175","BUSINESS","ESCI","4,170","4.4","0.73","3.33"%," 79/304 ","3.9","Q2","4.2","0.6"," 121/304 ","Q2","60.36","0.001","0.287","0.814","74.2","Q2","Q2","28","85.71"%,"12.4","8.7","24",
"European Journal of Innovation Management","EUR J INNOV MANAG","EMERALD GROUP PUBLISHING LTD","1460-1060","1758-7115","BUSINESS","SSCI","4,169","5","1.04","18.59"%," 68/304 ","5.8","Q1","4.3","1.1"," 81/304 ","Q2","73.52","0.003","0.706","0.842","77.8","Q1","Q2","147","91.84"%,"3.7","6.6","135",
"Journal of Consumer Behaviour","J CONSUM BEHAV","WILEY","1472-0817","1479-1838","BUSINESS","SSCI","4,154","4.4","0.91","21.19"%," 79/304 ","5","Q2","3.6","0.8"," 98/304 ","Q2","67.93","0.003","0.672","0.908","74.2","Q2","Q2","159","90.57"%,"5.7","7.5","144",
"Journal of Intellectual Capital","J INTELLECT CAP","EMERALD GROUP PUBLISHING LTD","1469-1930","1758-7468","BUSINESS","SSCI","4,104","6.2","1.22","10.08"%," 43/304 ","6.8","Q1","5.5","0.5"," 62/304 ","Q1","79.77","0.002","0.436","0.852","86.0","Q1","Q2","30","93.33"%,"6.5","7.1","28",
"Journal of Hospitality Marketing & Management","J HOSP MARKET MANAG","ROUTLEDGE JOURNALS, TAYLOR & FRANCIS LTD","1936-8623","1936-8631","BUSINESS","SSCI","4,066","11.9","2.51","5.52"%," 6/304 ","11.3","Q1","10.4","1.8"," 6/304 ","Q1","98.19","0.004","0.895","2.076","98.2","Q1","Q1","67","92.54"%,"4","5.2","62",
"International Journal of Advertising","INT J ADVERT","ROUTLEDGE JOURNALS, TAYLOR & FRANCIS LTD","0265-0487","1759-3948","BUSINESS","SSCI","4,060","5.3","1.44","11.05"%," 61/304 ","6.2","Q1","4.6","0.7"," 43/304 ","Q1","86.02","0.004","0.829","1.437","80.1","Q1","Q1","47","93.62"%,"6.1","9","44",
"ENTREPRENEURSHIP AND REGIONAL DEVELOPMENT","ENTREP REGION DEV","ROUTLEDGE JOURNALS, TAYLOR & FRANCIS LTD","0898-5626","1464-5114","BUSINESS","SSCI","4,058","3.3","1","41.5"%," 123/304 ","6.3","Q1","2.9","0.7"," 89/304 ","Q2","70.89","0.003","0.564","1.392","59.7","Q2","Q1","58","98.28"%,"8.9","9.8","57",
"Corporate Governance-The International Journal of Business in Society","CORP GOV-INT J BUS S","EMERALD GROUP PUBLISHING LTD","1472-0701","1758-6054","BUSINESS","ESCI","4,026","5.5","1.11","5.93"%," 56/304 ","5.7","Q2","4.3","0.5"," 71/304 ","Q1","76.81","0.002","0.439","0.616","81.7","Q1","Q2","88","95.45"%,"5","8.2","84",
"MIT SLOAN MANAGEMENT REVIEW","MIT SLOAN MANAGE REV","SLOAN MANAGEMENT REVIEW ASSOC, MIT SLOAN SCHOOL MANAGEMENT","1532-9194","1532-8937","BUSINESS","SSCI","3,974","4","0.32","0"%," 92/304 ","4.5","Q2","3.8","0.9"," 223/304 ","Q3","26.81","0.003","0.596","1.688","69.9","Q2","Q1","31","100"%,"10.2","6.1","31",
"INTERNATIONAL MARKETING REVIEW","INT MARKET REV","EMERALD GROUP PUBLISHING LTD","0265-1335","1758-6763","BUSINESS","SSCI","3,891","4.8","0.87","11.05"%," 71/304 ","5.2","Q2","4.2","1.1"," 104/304 ","Q2","65.95","0.002","0.47","0.937","76.8","Q1","Q2","47","93.62"%,"7.5","7.9","44",
"Strategic Entrepreneurship Journal","STRATEG ENTREP J","WILEY","1932-4391","1932-443X","BUSINESS","SSCI","3,770","5.4","1.3","34.94"%," 59/304 ","11","Q1","4.9","0.6"," 54/304 ","Q1","82.40","0.004","0.886","3.689","80.8","Q1","Q1","34","97.06"%,"7.8","11.2","33",
"Asia Pacific Journal of Marketing and Logistics","ASIA PAC J MARKET LO","EMERALD GROUP PUBLISHING LTD","1355-5855","1758-4248","BUSINESS","SSCI","3,668","3.9","0.82","1.52"%," 100/304 ","4.6","Q2","3.3","0.7"," 109/304 ","Q2","64.31","0.003","0.651","0.642","67.3","Q2","Q2","135","99.26"%,"3.8","6.9","134",
"Business Process Management Journal","BUS PROCESS MANAG J","EMERALD GROUP PUBLISHING LTD","1463-7154","1758-4116","BUSINESS","SSCI","3,423","4.5","0.88","8.08"%," 75/304 ","4.5","Q2","3.6","1.2"," 102/304 ","Q2","66.61","0.002","0.455","0.593","75.5","Q1","Q2","116","94.83"%,"4.8","6.5","110",
"MARKETING LETTERS","MARKET LETT","SPRINGER","0923-0645","1573-059X","BUSINESS","SSCI","3,379","2.5","0.62","28"%," 155/304 ","3.7","Q2","2.4","0.3"," 148/304 ","Q2","51.48","0.002","0.488","1.295","49.2","Q3","Q1","48","100"%,"11.3","11.4","48",
"Journal of Brand Management","J BRAND MANAG","PALGRAVE MACMILLAN LTD","1350-231X","1479-1803","BUSINESS","SSCI","3,309","4","0.86","17.5"%," 92/304 ","4.7","Q2","3.5","0.8"," 105/304 ","Q2","65.63","0.002","0.335","0.813","69.9","Q2","Q2","39","94.87"%,"9.3","8.6","37",
"International Journal of Management Education","INT J MANAG EDUC-OXF","ELSEVIER SCI LTD","1472-8117","2352-3565","BUSINESS","SSCI","3,267","6","2.1","21.98"%," 46/304 ","5.7","Q2","4.2","1.7"," 12/304 ","Q1","96.22","0.002","0.537","0.74","85.0","Q1","Q2","144","95.83"%,"2.8","7.3","138",
"Electronic Markets","ELECTRON MARK","SPRINGER HEIDELBERG","1019-6781","1422-8890","BUSINESS","SSCI","3,253","7.1","1.45","62.63"%," 34/304 ","7.8","Q1","6.5","0.7"," 42/304 ","Q1","86.35","0.004","0.778","1.523","89.0","Q1","Q1","62","95.16"%,"3.8","6.1","59",
"Marketing Intelligence & Planning","MARK INTELL PLAN","EMERALD GROUP PUBLISHING LTD","0263-4503","1758-8049","BUSINESS","SSCI","3,219","3.6","0.81","1.7"%," 113/304 ","4.2","Q2","3.1","0.7"," 111/304 ","Q2","63.65","0.002","0.388","0.661","63.0","Q2","Q2","63","88.89"%,"6.9","6.5","56",
"International Journal of Emerging Markets","INT J EMERG MARK","EMERALD GROUP PUBLISHING LTD","1746-8809","1746-8817","BUSINESS","SSCI","3,054","2.7","0.73","3.89"%," 151/304 ","2.9","Q3","2.4","0.9"," 121/304 ","Q2","60.36","0.003","0.615","0.401","50.5","Q2","Q3","202","99.01"%,"2.9","7.8","200",
"Global Business Review","GLOB BUS REV","SAGE PUBLICATIONS LTD","0972-1509","0973-0664","BUSINESS","ESCI","2,967","2.3","0.51","3.74"%," 164/304 ","2.5","Q3","1.8","0.4"," 180/304 ","Q3","40.95","0.002","0.447","0.311","46.2","Q3","Q3","145","99.31"%,"3.8","8.5","144",
"JOURNAL OF PRODUCTIVITY ANALYSIS","J PROD ANAL","SPRINGER","0895-562X","1573-0441","BUSINESS","SSCI","2,888","2.3","0.63","31.03"%," 164/304 ","2.5","Q3","1.9","0.3"," 145/304 ","Q2","52.47","0.001","0.149","0.638","46.2","Q3","Q2","55","96.36"%,"15.3","13.3","53",
"Journal of Small Business and Enterprise Development","J SMALL BUS ENTERP D","EMERALD GROUP PUBLISHING LTD","1462-6004","1758-7840","BUSINESS","ESCI","2,887","2.9","0.58","15.08"%," 141/304 ","3.8","Q2","2.7","0.5"," 159/304 ","Q3","47.86","0.001","0.299","0.585","53.8","Q2","Q3","57","96.49"%,"7.7","7.8","55",
"JOURNAL OF PUBLIC POLICY & MARKETING","J PUBLIC POLICY MARK","SAGE PUBLICATIONS INC","0743-9156","1547-7207","BUSINESS","SSCI","2,884","5.1","0.97","18.97"%," 65/304 ","6.9","Q1","4","2"," 94/304 ","Q2","69.24","0.002","0.518","2.206","78.8","Q1","Q1","19","100"%,"10.4","6.9","19",
"ORGANIZATIONAL DYNAMICS","ORGAN DYN","ELSEVIER SCIENCE INC","0090-2616","1873-3530","BUSINESS","SSCI","2,852","3.1","0.62","17.92"%," 130/304 ","2.1","Q3","3","0.6"," 148/304 ","Q2","51.48","0.001","0.208","0.588","57.4","Q2","Q2","29","100"%,"18","8.3","29",
"Strategic Organization","STRATEG ORGAN","SAGE PUBLICATIONS LTD","1476-1270","1741-315X","BUSINESS","SSCI","2,726","5.2","0.94","29.2"%," 63/304 ","6.3","Q1","4.8","0.9"," 95/304 ","Q2","68.91","0.004","0.914","2.703","79.4","Q1","Q1","27","100"%,"7.2","12.5","27",
"JOURNAL OF ADVERTISING RESEARCH","J ADVERTISING RES","ADVERTISING RESEARCH FOUNDATION","0021-8499","1740-1909","BUSINESS","SSCI","2,715","2.1","0.77","0"%," 177/304 ","3.5","Q2","1.6","0.4"," 114/304 ","Q2","62.66","0.001","0.257","0.93","41.9","Q3","Q2","24","100"%,"16","11.3","24",
"JOURNAL OF INTERNATIONAL MARKETING","J INT MARKETING","SAGE PUBLICATIONS INC","1069-031X","1547-7215","BUSINESS","SSCI","2,703","4.9","0.91","17.39"%," 69/304 ","7.1","Q1","4.3","0.6"," 98/304 ","Q2","67.93","0.001","0.325","1.656","77.5","Q1","Q1","22","95.45"%,"10.7","11.6","21",
"INTERNATIONAL JOURNAL OF ELECTRONIC COMMERCE","INT J ELECTRON COMM","ROUTLEDGE JOURNALS, TAYLOR & FRANCIS LTD","1086-4415","1557-9301","BUSINESS","SSCI","2,703","4.2","1.03","8.06"%," 84/304 ","5.7","Q2","3.8","0.7"," 84/304 ","Q2","72.53","0.001","0.204","1.088","72.5","Q2","Q2","19","100"%,"12.1","9.5","19",
"BUSINESS ETHICS QUARTERLY","BUS ETHICS Q","CAMBRIDGE UNIV PRESS","1052-150X","2153-3326","BUSINESS","SSCI","2,703","3.4","1.01","44.3"%," 121/304 ","3.8","Q2","2.9","0.9"," 87/304 ","Q2","71.55","0.001","0.294","1.513","60.4","Q2","Q1","22","90.91"%,"13.4","11.2","20",
"Journal of Family Business Strategy","J FAM BUS STRATEG","ELSEVIER","1877-8585","1877-8593","BUSINESS","SSCI","2,675","9.5","2.01","20"%," 14/304 ","8.8","Q1","8.3","1.7"," 15/304 ","Q1","95.23","0.002","0.44","1.906","95.6","Q1","Q1","30","96.67"%,"7.1","11.8","29",
"Journal of Islamic Marketing","J ISLAMIC MARK","EMERALD GROUP PUBLISHING LTD","1759-0833","1759-0841","BUSINESS","ESCI","2,673","3.1","0.67","2.03"%," 130/304 ","3.5","Q2","2.5","0.5"," 135/304 ","Q2","55.76","0.002","0.38","0.36","57.4","Q2","Q3","62","90.32"%,"3.7","7","56",
"Research in Transportation Business and Management","RES TRANSP BUS MANAG","ELSEVIER","2210-5395","2210-5409","BUSINESS","SSCI","2,663","4.1","1.08","20.16"%," 87/304 ","4.2","Q2","3.7","1.3"," 75/304 ","Q1","75.49","0.003","0.618","0.833","71.5","Q2","Q2","141","99.29"%,"3.4","6.4","140",
"JOURNAL OF CONSUMER AFFAIRS","J CONSUM AFF","WILEY","0022-0078","1745-6606","BUSINESS","SSCI","2,644","2.5","0.61","26.04"%," 155/304 ","2.6","Q3","2.3","0.7"," 151/304 ","Q2","50.49","0.002","0.347","0.63","49.2","Q3","Q2","50","98"%,"11.5","9.3","49",
"Journal of Strategic Marketing","J STRATEG MARK","ROUTLEDGE JOURNALS, TAYLOR & FRANCIS LTD","0965-254X","1466-4488","BUSINESS","ESCI","2,560","3.7","0.73","13.47"%," 107/304 ","4.3","Q2","3.4","0.9"," 121/304 ","Q2","60.36","0.002","0.448","0.747","65.0","Q2","Q2","50","96"%,"5.2","6.7","48",
"Journal of Research in Interactive Marketing","J RES INTERACT MARK","EMERALD GROUP PUBLISHING LTD","2040-7122","2040-7130","BUSINESS","SSCI","2,466","9.6","1.92","2.99"%," 13/304 ","9.6","Q1","7.3","1.6"," 21/304 ","Q1","93.26","0.002","0.492","1.463","95.9","Q1","Q1","58","91.38"%,"3.4","5","53",
"Journal of Fashion Marketing and Management","J FASH MARK MANAG","EMERALD GROUP PUBLISHING LTD","1361-2026","1758-7433","BUSINESS","SSCI","2,302","3.2","0.71","4.24"%," 127/304 ","4.6","Q2","2.8","0.4"," 125/304 ","Q2","59.05","0.001","0.316","0.73","58.4","Q2","Q2","62","98.39"%,"6.2","8","61",
"Australasian Marketing Journal","AUSTRALAS MARK J","SAGE PUBLICATIONS LTD","1441-3582","1839-3349","BUSINESS","ESCI","2,274","4","1.08","13.82"%," 92/304 ","6.2","Q1","3.4","1.5"," 75/304 ","Q1","75.49","0.002","0.448","1.119","69.9","Q2","Q2","23","95.65"%,"4.7","6.5","22",
"Electronic Commerce Research","ELECTRON COMMER RES","SPRINGER","1389-5753","1572-9362","BUSINESS","SSCI","2,272","3.7","0.88","14.77"%," 107/304 ","4","Q2","3.3","0.8"," 102/304 ","Q2","66.61","0.002","0.459","0.655","65.0","Q2","Q2","126","92.06"%,"3.5","6.1","116",
"Marketing Theory","MARKETING THEOR","SAGE PUBLICATIONS INC","1470-5931","1741-301X","BUSINESS","SSCI","2,230","3.4","0.66","54.37"%," 121/304 ","3.6","Q2","2.7","0.5"," 139/304 ","Q2","54.44","0.001","0.327","1.139","60.4","Q2","Q2","37","100"%,"10.6","9.3","37",
"Journal of Theoretical and Applied Electronic Commerce Research","J THEOR APPL EL COMM","MDPI","0718-1876","0718-1876","BUSINESS","SSCI","2,137","5.1","1.12","100"%," 65/304 ","5.1","Q2","4.7","1.1"," 70/304 ","Q1","77.14","0.002","0.414","0.686","78.8","Q1","Q2","110","88.18"%,"2.6","5.5","97",
"Journal of Vacation Marketing","J VACAT MARK","SAGE PUBLICATIONS LTD","1356-7667","1479-1870","BUSINESS","SSCI","2,079","4.5","1.02","7.06"%," 75/304 ","4.5","Q2","3.8","0.7"," 86/304 ","Q2","71.88","0.001","0.301","0.785","75.5","Q1","Q2","58","89.66"%,"6.9","6.7","52",
"Journal of Business Economics and Management","J BUS ECON MANAG","VILNIUS GEDIMINAS TECH UNIV","1611-1699","2029-4433","BUSINESS","SSCI","1,967","2.5","0.74","97.12"%," 155/304 ","2.7","Q3","2.4","0.3"," 119/304 ","Q2","61.02","0.001","0.238","0.382","49.2","Q3","Q3","56","98.21"%,"6.4","5.4","55",
"Global Strategy Journal","GLOB STRATEG J","WILEY","2042-5791","2042-5805","BUSINESS","SSCI","1,943","5.7","1.32","45.54"%," 54/304 ","7.3","Q1","5.3","0.7"," 52/304 ","Q1","83.06","0.004","0.777","2.638","82.4","Q1","Q1","25","100"%,"5.2","12.3","25",
"Journal of Personal Selling & Sales Management","J PERS SELL SALES M","ROUTLEDGE JOURNALS, TAYLOR & FRANCIS LTD","0885-3134","1557-7813","BUSINESS","ESCI","1,915","3.9","0.73","7.69"%," 100/304 ","4.8","Q2","2.8","0.8"," 121/304 ","Q2","60.36","0.001","0.225","1.015","67.3","Q2","Q2","25","68"%,"11","11.5","17",
"INTERNATIONAL JOURNAL OF MARKET RESEARCH","INT J MARKET RES","SAGE PUBLICATIONS LTD","1470-7853","2515-2173","BUSINESS","SSCI","1,914","2.4","0.51","18.8"%," 160/304 ","3","Q3","2.1","0.4"," 180/304 ","Q3","40.95","0.001","0.295","0.674","47.5","Q3","Q2","46","95.65"%,"8.8","8.5","44",
"Journal of Macromarketing","J MACROMARKETING","SAGE PUBLICATIONS INC","0276-1467","1552-6534","BUSINESS","SSCI","1,881","3.7","0.64","20.72"%," 107/304 ","3.6","Q2","2.9","0.5"," 143/304 ","Q2","53.13","0.001","0.223","0.671","65.0","Q2","Q2","48","97.92"%,"9.1","9.2","47",
"Corporate Communications","CORP COMMUN","EMERALD GROUP PUBLISHING LTD","1356-3289","1758-6046","BUSINESS","ESCI","1,758","2.8","0.46","10"%," 147/304 ","2.9","Q3","2.2","0.5"," 189/304 ","Q3","37.99","0.001","0.237","0.532","51.8","Q2","Q3","57","96.49"%,"7.9","8.7","55",
"JOURNAL OF ENGINEERING AND TECHNOLOGY MANAGEMENT","J ENG TECHNOL MANAGE","ELSEVIER","0923-4748","1879-1719","BUSINESS","SSCI","1,731","3.7","0.86","16.49"%," 107/304 ","4.7","Q2","3.4","0.4"," 105/304 ","Q2","65.63","0.001","0.187","0.773","65.0","Q2","Q2","38","94.74"%,"8.7","10.1","36",
"RESEARCH-TECHNOLOGY MANAGEMENT","RES TECHNOL MANAGE","TAYLOR & FRANCIS INC","0895-6308","1930-0166","BUSINESS","SSCI","1,727","1.7","0.38","28.75"%," 209/304 ","4","Q2","1.5","0.5"," 208/304 ","Q3","31.74","0.001","0.168","0.701","31.4","Q3","Q2","24","100"%,"9.1","10","24",
"Gender in Management","GEND MANAG","EMERALD GROUP PUBLISHING LTD","1754-2413","1754-2421","BUSINESS","SSCI","1,721","2.3","0.92","8.51"%," 164/304 ","3.6","Q2","2","0.4"," 97/304 ","Q2","68.26","0.002","0.333","0.733","46.2","Q3","Q2","67","97.01"%,"5.6","9","65",
"Journal of Electronic Commerce Research","J ELECTRON COMMER RE","CALIFORNIA STATE UNIV","1526-6133","1938-9027","BUSINESS","SSCI","1,706","2.3","0.69","0"%," 164/304 ","4.6","Q2","2","0.7"," 129/304 ","Q2","57.73","0.001","0.129","0.806","46.2","Q3","Q2","18","94.44"%,"11.4","7.4","17",
"International Journal of Managing Projects in Business","INT J MANAG PROJ BUS","EMERALD GROUP PUBLISHING LTD","1753-8378","1753-8386","BUSINESS","SSCI","1,679","2.3","0.56","14.58"%," 164/304 ","3.2","Q3","2.2","0.8"," 165/304 ","Q3","45.89","0.001","0.289","0.506","46.2","Q3","Q3","26","92.31"%,"5.1","9.8","24",
"Thunderbird International Business Review","THUNDERBIRD INT BUS","WILEY","1096-4762","1520-6874","BUSINESS","ESCI","1,641","2.2","0.42","20.69"%," 174/304 ","2.7","Q3","1.9","0.6"," 201/304 ","Q3","34.05","0.001","0.285","0.54","42.9","Q3","Q3","27","96.3"%,"6.2","8.5","26",
"AUSTRALIAN JOURNAL OF MANAGEMENT","AUST J MANAGE","SAGE PUBLICATIONS LTD","0312-8962","1327-2020","BUSINESS","SSCI","1,555","2","0.61","18.7"%," 186/304 ","4.4","Q2","1.8","0.4"," 151/304 ","Q2","50.49","0.001","0.315","0.903","39.0","Q3","Q2","46","93.48"%,"5.1","9.2","43",
"Qualitative Market Research","QUAL MARK RES","EMERALD GROUP PUBLISHING LTD","1352-2752","1758-7646","BUSINESS","ESCI","1,508","1.6","0.38","7.45"%," 211/304 ","2.1","Q3","1.4","0.2"," 208/304 ","Q3","31.74","0.001","0.135","0.39","30.8","Q3","Q3","37","94.59"%,"10.2","7.4","35",
"Journal of Service Theory and Practice","J SERV THEOR PRACT","EMERALD GROUP PUBLISHING LTD","2055-6225","2055-6225","BUSINESS","SSCI","1,437","3.9","0.98","15.38"%," 100/304 ","4.9","Q2","3.1","1"," 91/304 ","Q2","70.23","0.001","0.292","0.945","67.3","Q2","Q2","45","95.56"%,"5","7.5","43",
"Journal of International Consumer Marketing","J INT CONSUM MARK","ROUTLEDGE JOURNALS, TAYLOR & FRANCIS LTD","0896-1530","1528-7068","BUSINESS","ESCI","1,356","1.8","0.53","15.56"%," 202/304 ","2.8","Q3","1.7","0.6"," 170/304 ","Q3","44.24","0.001","0.165","0.504","33.7","Q3","Q3","25","96"%,"8.8","10.9","24",
"Entrepreneurship and Sustainability Issues","ENTREP SUSTAIN ISS","ENTERPRENEURSHIP & SUSTAINABILITY CENTER","2345-0282","2345-0282","BUSINESS","ESCI","1,343","1.2","0.33","87.14"%," 231/304 ","1.3","Q4","1.2","0.1"," 221/304 ","Q3","27.47","0.002","0.337","0.202","24.2","Q4","Q4","107","100"%,"3.6","4.4","107",
"CORPORATE REPUTATION REVIEW","CORP REPUT REV","PALGRAVE MACMILLAN LTD","1363-3589","1479-1889","BUSINESS","ESCI","1,296","1.5","0.27","17.65"%," 215/304 ","2","Q3","1.3","0.4"," 231/304 ","Q4","24.18","0","0.085","0.435","29.4","Q3","Q3","16","93.75"%,"15.6","9.5","15",
"Service Business","SERV BUS","SPRINGER HEIDELBERG","1862-8516","1862-8508","BUSINESS","SSCI","1,295","4.4","1.1","24.35"%," 79/304 ","4.3","Q2","3.4","1.1"," 72/304 ","Q1","76.48","0.001","0.195","0.622","74.2","Q2","Q2","33","87.88"%,"4.9","6.6","29",
"Journal of Entrepreneurship in Emerging Economies","J ENTREP EMERG ECON","EMERALD GROUP PUBLISHING LTD","2053-4604","2053-4612","BUSINESS","ESCI","1,278","2.9","0.6","6.44"%," 141/304 ","3.6","Q2","2.4","0.5"," 154/304 ","Q3","49.51","0.001","0.243","0.456","53.8","Q2","Q3","63","96.83"%,"3.4","7.3","61",
"BUSINESS HISTORY","BUS HIST","ROUTLEDGE JOURNALS, TAYLOR & FRANCIS LTD","0007-6791","1743-7938","BUSINESS","SSCI","1,252","1","0.7","37.86"%," 243/304 ","1.1","Q4","0.9","0.2"," 127/304 ","Q2","58.39","0.002","0.439","0.589","20.2","Q4","Q2","51","100"%,"8.2","16.8","51",
"International Review of Retail Distribution and Consumer Research","INT REV RETAIL DISTR","ROUTLEDGE JOURNALS, TAYLOR & FRANCIS LTD","0959-3969","1466-4402","BUSINESS","ESCI","1,200","2.9","0.57","35.56"%," 141/304 ","3.2","Q3","2.7","0.1"," 161/304 ","Q3","47.20","0.001","0.15","0.518","53.8","Q2","Q3","27","92.59"%,"7.5","8","25",
"Journal of Social Entrepreneurship","J SOC ENTREP","ROUTLEDGE JOURNALS, TAYLOR & FRANCIS LTD","1942-0676","1942-0684","BUSINESS","ESCI","1,178","2.6","0.52","15.79"%," 153/304 ","3.8","Q2","1.9","0.3"," 174/304 ","Q3","42.93","0.001","0.198","0.625","49.8","Q3","Q2","48","81.25"%,"5","8.5","39",
"International Journal of Accounting Information Systems","INT J ACCOUNT INF SY","ELSEVIER","1467-0895","1873-4723","BUSINESS","SSCI","1,176","4.1","1.01","24.64"%," 87/304 ","5.4","Q2","3.7","0.7"," 87/304 ","Q2","71.55","0.001","0.169","0.936","71.5","Q2","Q2","25","100"%,"6.5","8.9","25",
"Asia Pacific Business Review","ASIA PAC BUS REV","ROUTLEDGE JOURNALS, TAYLOR & FRANCIS LTD","1360-2381","1743-792X","BUSINESS","SSCI","1,173","2","0.41","8.7"%," 186/304 ","2.6","Q3","1.7","0.3"," 203/304 ","Q3","33.39","0.001","0.185","0.445","39.0","Q3","Q3","44","86.36"%,"5.9","8.1","38",
"JOURNAL OF CONSUMER POLICY","J CONSUM POLICY","SPRINGER","0168-7034","1573-0700","BUSINESS","ESCI","1,159","1.4","0.39","59.42"%," 220/304 ","2","Q3","1.3","0.3"," 207/304 ","Q3","32.07","0.001","0.131","0.544","27.8","Q3","Q3","21","95.24"%,"11.2","6.5","20",
"International Journal of Innovation Science","INT J INOV SCI","EMERALD GROUP PUBLISHING LTD","1757-2223","1757-2231","BUSINESS","ESCI","1,152","3","0.53","2.69"%," 136/304 ","4.1","Q2","2.7","0.4"," 170/304 ","Q3","44.24","0.001","0.235","0.623","55.4","Q2","Q2","74","91.89"%,"4.2","6.6","68",
"Competitiveness Review","COMPET REV","EMERALD GROUP PUBLISHING LTD","1059-5422","2051-3143","BUSINESS","ESCI","1,122","2.9","0.56","11.76"%," 141/304 ","3","Q3","2.6","0.5"," 165/304 ","Q3","45.89","0.001","0.181","0.423","53.8","Q2","Q3","51","94.12"%,"3.9","6.2","48",
"Information Systems and E-Business Management","INF SYST E-BUS MANAG","SPRINGER HEIDELBERG","1617-9846","1617-9854","BUSINESS","SSCI","1,113","2.3","0.54","38.26"%," 164/304 ","3.6","Q2","2.1","0.8"," 169/304 ","Q3","44.57","0.001","0.191","0.604","46.2","Q3","Q2","41","82.93"%,"5.3","6.9","34",
"CANADIAN JOURNAL OF ADMINISTRATIVE SCIENCES-REVUE CANADIENNE DES SCIENCES DE L ADMINISTRATION","CAN J ADM SCI","WILEY","0825-0383","1936-4490","BUSINESS","SSCI","1,100","1.2","0.26","6.06"%," 231/304 ","1.8","Q3","1.1","0.1"," 233/304 ","Q4","23.52","0.001","0.139","0.349","24.2","Q4","Q3","33","96.97"%,"8.9","11.2","32",
"JOURNAL OF FOOD PRODUCTS MARKETING","J FOOD PROD MARK","ROUTLEDGE JOURNALS, TAYLOR & FRANCIS LTD","1045-4446","1540-4102","BUSINESS","ESCI","1,091","3.6","0.6","14.06"%," 113/304 ","3.4","Q2","3.4","0.3"," 154/304 ","Q3","49.51","0.001","0.16","0.562","63.0","Q2","Q3","19","100"%,"6.1","6.9","19",
"Young Consumers","YOUNG CONSUM","EMERALD GROUP PUBLISHING LTD","1758-7212","1747-3616","BUSINESS","ESCI","1,086","3.5","0.68","7.2"%," 119/304 ","4.1","Q2","2.9","0.9"," 132/304 ","Q2","56.74","0.001","0.188","0.665","61.0","Q2","Q2","52","100"%,"4.6","6.3","52",
"Sport Marketing Quarterly","SPORT MARKET Q","FIT PUBLISHING","1061-6934","1557-2528","BUSINESS","SSCI","1,080","2","0.46","0"%," 186/304 ","3.4","Q2","1","0.3"," 189/304 ","Q3","37.99","0","0.095","0.493","39.0","Q3","Q3","24","95.83"%,"9.4","9.5","23",
"Journal of International Entrepreneurship","J INT ENTREP","SPRINGER","1570-7385","1573-7349","BUSINESS","ESCI","1,072","3.2","0.52","27.78"%," 127/304 ","3.7","Q2","2.8","1"," 174/304 ","Q3","42.93","0.001","0.116","0.649","58.4","Q2","Q2","18","94.44"%,"8.5","10.7","17",
"BRQ-Business Research Quarterly","BRQ-BUS RES Q","SAGE PUBLICATIONS INC","2340-9444","2340-9444","BUSINESS","SSCI","1,055","3.8","0.66","94.74"%," 104/304 ","4.3","Q2","3.6","0.2"," 139/304 ","Q2","54.44","0.001","0.246","0.906","66.0","Q2","Q2","20","100"%,"4.8","11.8","20",
"Journal of Competitiveness","J COMPETITIVENESS","UNIV TOMASE BATI & ZLINE, FAK MANAGEMENTU EKONOMIKY","1804-171X","1804-1728","BUSINESS","SSCI","1,045","4.4","1.42","89.52"%," 79/304 ","3.7","Q2","4","1"," 45/304 ","Q1","85.36","0.001","0.181","0.499","74.2","Q2","Q3","44","97.73"%,"3.5","5.3","43",
"Journal of Enterprising Communities-People and Places in the Global Economy","J ENTERP COMMUNITIES","EMERALD GROUP PUBLISHING LTD","1750-6204","1750-6212","BUSINESS","ESCI","1,038","2.4","0.52","8.7"%," 160/304 ","2.7","Q3","2.1","0.6"," 174/304 ","Q3","42.93","0.001","0.197","0.432","47.5","Q3","Q3","49","85.71"%,"4.1","7.8","42",
"Journal of Internet Commerce","J INTERNET COMMER","ROUTLEDGE JOURNALS, TAYLOR & FRANCIS LTD","1533-2861","1533-287X","BUSINESS","ESCI","1,035","4.1","0.76","5.08"%," 87/304 ","5.5","Q2","4","<0.1"," 115/304 ","Q2","62.34","0.001","0.169","0.814","71.5","Q2","Q2","4","100"%,"5","6.7","4",
"Clothing and Textiles Research Journal","CLOTH TEXT RES J","SAGE PUBLICATIONS INC","0887-302X","1940-2473","BUSINESS","SSCI","1,034","2.4","0.65","7.69"%," 160/304 ","2.2","Q3","2.3","<0.1"," 141/304 ","Q2","53.78","0","0.104","0.434","47.5","Q3","Q3","9","100"%,"12.2","7.5","9",
"Competition & Change","COMPET CHANG","SAGE PUBLICATIONS LTD","1024-5294","1477-2221","BUSINESS","SSCI","1,032","3","0.93","49.51"%," 136/304 ","3.7","Q2","2.6","0.4"," 96/304 ","Q2","68.59","0.002","0.434","1.541","55.4","Q2","Q1","39","100"%,"5.1","6.2","39",
"Journal of Marketing Analytics","J MARK ANAL","PALGRAVE MACMILLAN LTD","2050-3318","2050-3326","BUSINESS","ESCI","1,029","4","0.68","19.62"%," 92/304 ","5.3","Q2","2.1","0.8"," 132/304 ","Q2","56.74","0.001","0.172","0.623","69.9","Q2","Q2","58","91.38"%,"3.3","6.7","53",
"European Research on Management and Business Economics","EUR RES MANAG BUS EC","ELSEVIER SCI LTD","2444-8834","2444-8842","BUSINESS","SSCI","1,026","7.1","1.69","96.47"%," 34/304 ","6.7","Q1","6.3","1.2"," 29/304 ","Q1","90.63","0.001","0.222","0.986","89.0","Q1","Q2","25","96"%,"3.6","8.8","24",
"Consumption Markets & Culture","CONSUMP MARK CULT","ROUTLEDGE JOURNALS, TAYLOR & FRANCIS LTD","1025-3866","1477-223X","BUSINESS","SSCI","1,025","1.9","0.41","29.63"%," 195/304 ","2.3","Q3","1.6","0.3"," 203/304 ","Q3","33.39","0.001","0.283","0.89","36.0","Q3","Q2","27","100"%,"7.6","10.6","27",
"Journal of Marketing for Higher Education","J MARK HIGH EDUC","ROUTLEDGE JOURNALS, TAYLOR & FRANCIS LTD","0884-1241","1540-7144","BUSINESS","SSCI","1,024","2.4","0.98","13.45"%," 160/304 ","3.5","Q2","1.7","0.3"," 91/304 ","Q2","70.23","0.001","0.138","0.495","47.5","Q3","Q3","36","97.22"%,"5.5","7.9","35",
"BUSINESS HISTORY REVIEW","BUS HIST REV","CAMBRIDGE UNIV PRESS","0007-6805","2044-768X","BUSINESS","SSCI","1,013","1.3","0.69","22.22"%," 222/304 ","1.5","Q3","1.1","<0.1"," 129/304 ","Q2","57.73","0.001","0.22","1.098","27.1","Q3","Q2","32","84.38"%,"18.9","19.3","27",
"Journal of International Business Policy","J INT BUS POLICY","SPRINGERNATURE","2522-0691","2522-0705","BUSINESS","ESCI","1,003","5.9","1.07","30.86"%," 47/304 ","9.1","Q1","5.3","1.1"," 78/304 ","Q2","74.51","0.003","0.628","3.198","84.7","Q1","Q1","20","95"%,"3.4","7.2","19",
"Measuring Business Excellence","MEAS BUS EXCELL","EMERALD GROUP PUBLISHING LTD","1368-3047","1758-8057","BUSINESS","ESCI","985","2.5","0.51","11.43"%," 155/304 ","2.4","Q3","2.3","0.4"," 180/304 ","Q3","40.95","0","0.099","0.331","49.2","Q3","Q3","24","100"%,"8.6","8.5","24",
"International Journal of Business Communication","INT J BUS COMMUN","SAGE PUBLICATIONS INC","2329-4884","2329-4892","BUSINESS","SSCI","983","3.1","1.16","8.13"%," 130/304 ","3.3","Q3","2.5","0.4"," 65/304 ","Q1","78.78","0.001","0.264","0.676","57.4","Q2","Q2","29","93.1"%,"3.7","8.9","27",
"Journal of African Business","J AFR BUS","ROUTLEDGE JOURNALS, TAYLOR & FRANCIS LTD","1522-8916","1522-9076","BUSINESS","ESCI","972","2.1","0.38","9.92"%," 177/304 ","3.1","Q3","2","0.3"," 208/304 ","Q3","31.74","0.001","0.17","0.442","41.9","Q3","Q3","36","97.22"%,"4.9","9.2","35",
"Journal of Financial Counseling and Planning","J FINANC COUNS PLAN","SPRINGER PUBLISHING CO","1052-3073","1947-7910","BUSINESS","ESCI","950","2","0.52","0"%," 186/304 ","2.3","Q3","0.8","0.4"," 174/304 ","Q3","42.93","0","0.074","0.273","39.0","Q3","Q4","30","96.67"%,"9.1","8.3","29",
"EuroMed Journal of Business","EUROMED J BUS","EMERALD GROUP PUBLISHING LTD","1450-2194","1758-888X","BUSINESS","ESCI","943","3.8","0.86","5.41"%," 104/304 ","3.8","Q2","3.3","0.5"," 105/304 ","Q2","65.63","0.001","0.165","0.497","66.0","Q2","Q3","48","91.67"%,"3.3","6.7","44",
"International Journal of Engineering Business Management","INT J ENG BUS MANAG","SAGE PUBLICATIONS INC","1847-9790","1847-9790","BUSINESS","ESCI","924","4.9","0.6","95"%," 69/304 ","3.9","Q2","4.7","0.8"," 154/304 ","Q3","49.51","0.001","0.178","0.599","77.5","Q1","Q2","24","79.17"%,"4.3","5.5","19",
"Amfiteatru Economic","AMFITEATRU ECON","EDITURA ASE","1582-9146","2247-9104","BUSINESS","SSCI","924","2.6","0.65","94.12"%," 153/304 ","2.1","Q3","2.5","0.3"," 141/304 ","Q2","53.78","0.001","0.151","0.282","49.8","Q3","Q4","63","98.41"%,"4.4","4.5","62",
"International Journal of Gender and Entrepreneurship","INT J GEND ENTREP","EMERALD GROUP PUBLISHING LTD","1756-6266","1756-6274","BUSINESS","ESCI","920","3.1","0.62","14.29"%," 130/304 ","3.9","Q2","2.6","0.3"," 148/304 ","Q2","51.48","0.001","0.145","0.776","57.4","Q2","Q2","23","86.96"%,"6.7","7.4","20",
"International Journal of Entrepreneurship and Innovation","INT J ENTREP INNOV","SAGE PUBLICATIONS INC","1465-7503","2043-6882","BUSINESS","ESCI","908","2.1","0.45","36.28"%," 177/304 ","2.7","Q3","1.5","0.3"," 194/304 ","Q3","36.35","0","0.104","0.369","41.9","Q3","Q3","40","97.5"%,"6.6","8.7","39",
"Journal of Financial Services Marketing","J FINANC SERV MARK","PALGRAVE MACMILLAN LTD","1363-0539","1479-1846","BUSINESS","ESCI","900","2.9","0.69","12.35"%," 141/304 ","3.1","Q3","2","1"," 129/304 ","Q2","57.73","0","0.098","0.352","53.8","Q2","Q3","57","92.98"%,"3.9","6.7","53",
"Journal of Asia Business Studies","J ASIA BUS STUD","EMERALD GROUP PUBLISHING LTD","1558-7894","1559-2243","BUSINESS","ESCI","878","2.3","0.52","1.9"%," 164/304 ","2.7","Q3","2.2","0.6"," 174/304 ","Q3","42.93","0.001","0.163","0.362","46.2","Q3","Q3","33","100"%,"3.7","7.5","33",
"Social Enterprise Journal","SOC ENTERP J","EMERALD GROUP PUBLISHING LTD","1750-8614","1750-8533","BUSINESS","ESCI","866","2.8","0.48","15.63"%," 147/304 ","3","Q3","2.5","0.7"," 186/304 ","Q3","38.98","0.001","0.12","0.484","51.8","Q2","Q3","33","96.97"%,"6.2","8.3","32",
"Asia-Pacific Journal of Business Administration","ASIA-PAC J BUS ADM","EMERALD GROUP PUBLISHING LTD","1757-4323","1757-4331","BUSINESS","ESCI","857","3.3","0.75","2.04"%," 123/304 ","3.6","Q2","3.1","0.5"," 117/304 ","Q2","61.68","0.001","0.159","0.485","59.7","Q2","Q3","27","100"%,"3.1","6.4","27",
"Journal of the Association for Consumer Research","J ASSOC CONSUM RES","UNIV CHICAGO PRESS","2378-1815","2378-1823","BUSINESS","ESCI","852","2.1","0.67","0.76"%," 177/304 ","N/A","N/A","2","1.8"," 135/304 ","Q2","55.76","0.002","0.454","N/A","41.9","Q3","N/A","36","100"%,"4.5","7.7","36",
"Transformations in Business & Economics","TRANSFORM BUS ECON","VILNIUS UNIV","1648-4460","N/A","BUSINESS","SSCI","839","1.8","0.37","0"%," 202/304 ","1.2","Q4","1.7","0.1"," 213/304 ","Q3","30.10","0.001","0.146","0.17","33.7","Q3","Q4","87","98.85"%,"3.7","5.2","86",
"Future Business Journal","FUTUR BUS J","SPRINGER","2314-7202","2314-7210","BUSINESS","ESCI","828","2.9","0.57","100"%," 141/304 ","3.4","Q2","2.6","0.4"," 161/304 ","Q3","47.20","0.001","0.16","0.456","53.8","Q2","Q3","107","89.72"%,"3","6.2","96",
"Vision-The Journal of Business Perspective","VISION-INDIA","SAGE PUBLICATIONS INDIA PVT LTD","0972-2629","2249-5304","BUSINESS","ESCI","826","3","0.57","6.82"%," 136/304 ","2.4","Q3","3","1.3"," 161/304 ","Q3","47.20","0.001","0.13","0.344","55.4","Q2","Q3","51","78.43"%,"3.9","10.8","40",
"European Journal of Management and Business Economics","EUR J MANAG BUS ECON","EMERALD GROUP PUBLISHING LTD","2444-8451","2444-8494","BUSINESS","ESCI","818","4.2","0.74","96.94"%," 84/304 ","5.2","Q2","3.7","1.8"," 119/304 ","Q2","61.02","0.001","0.158","0.85","72.5","Q2","Q2","51","98.04"%,"4.1","8.6","50",
"Multinational Business Review","MULTINATL BUS REV","EMERALD GROUP PUBLISHING LTD","1525-383X","2054-1686","BUSINESS","SSCI","811","2.2","0.5","8.33"%," 174/304 ","3.4","Q2","1.8","0.3"," 183/304 ","Q3","39.97","0.001","0.169","0.824","42.9","Q3","Q2","30","96.67"%,"6.1","11.1","29",
"Journal of Management Analytics","J MANAG ANAL","ROUTLEDGE JOURNALS, TAYLOR & FRANCIS LTD","2327-0012","2327-0039","BUSINESS","SSCI","801","3.6","1.14","2.63"%," 113/304 ","5.7","Q2","3.2","0.8"," 69/304 ","Q1","77.47","0.001","0.212","0.989","63.0","Q2","Q2","26","84.62"%,"3.6","6","22",
"JOURNAL OF BUSINESS AND TECHNICAL COMMUNICATION","J BUS TECH COMMUN","SAGE PUBLICATIONS INC","1050-6519","1552-4574","BUSINESS","SSCI","796","1.8","0.59","7.14"%," 202/304 ","2.8","Q3","1.7","0.5"," 158/304 ","Q3","48.19","0","0.103","0.574","33.7","Q3","Q3","12","100"%,"8.3","8.8","12",
"Eurasian Business Review","EURASIAN BUS REV","SPRINGER HEIDELBERG","1309-4297","2147-4281","BUSINESS","SSCI","788","4","0.98","41.1"%," 92/304 ","3.6","Q2","3.8","1.1"," 91/304 ","Q2","70.23","0.001","0.163","0.632","69.9","Q2","Q2","23","100"%,"4.3","10.6","23",
"Asian Business & Management","ASIAN BUS MANAG","PALGRAVE MACMILLAN LTD","1472-4782","1476-9328","BUSINESS","SSCI","786","2.2","0.6","9.4"%," 174/304 ","3.1","Q3","2.1","0.5"," 154/304 ","Q3","49.51","0.001","0.171","0.572","42.9","Q3","Q3","36","97.22"%,"3.9","11.8","35",
"Journal of Global Entrepreneurship Research","J GLOB ENTREP RES","SPRINGEROPEN","2228-7566","2251-7316","BUSINESS","ESCI","783","1.1","0.18","6.93"%," 237/304 ","3.1","Q3","1","0.2"," 254/304 ","Q4","16.61","0.001","0.138","0.428","22.2","Q4","Q3","31","83.87"%,"4.9","9.7","26",
"Business Strategy and Development","BUS STRATEGY DEV","WILEY","N/A","2572-3170","BUSINESS","ESCI","738","4.8","0.67","18.67"%," 71/304 ","N/A","N/A","3.8","0.6"," 135/304 ","Q2","55.76","0.001","0.167","N/A","76.8","Q1","N/A","92","95.65"%,"3.1","5.4","88",
"Journal of Developmental Entrepreneurship","J DEV ENTREP","WORLD SCIENTIFIC PUBL CO PTE LTD","1084-9467","1793-706X","BUSINESS","ESCI","737","1.3","0.21","0"%," 222/304 ","1.6","Q3","1.1","0.3"," 246/304 ","Q4","19.24","0","0.063","0.264","27.1","Q3","Q4","29","93.1"%,"11.2","9.7","27",
"Journal of Global Fashion Marketing","J GLOB FASH MARK","TAYLOR & FRANCIS LTD","2093-2685","2325-4483","BUSINESS","ESCI","731","3.3","0.78","7.29"%," 123/304 ","3.1","Q3","2.8","0.7"," 112/304 ","Q2","63.32","0.001","0.117","0.468","59.7","Q2","Q3","32","87.5"%,"4.7","5.5","28",
"Entrepreneurship Research Journal","ENTREP RES J","WALTER DE GRUYTER GMBH","2194-6175","2157-5665","BUSINESS","SSCI","725","2","0.47","5.96"%," 186/304 ","2.3","Q3","1.8","0.9"," 187/304 ","Q3","38.65","0.001","0.138","0.411","39.0","Q3","Q3","23","91.3"%,"4.4","10.6","21",
"International Journal of Business and Society","INT J BUS SOC","UNIV MALAYSIA SARAWAK, FAC ECONOMICS & BUSINESS","1511-6670","1511-6670","BUSINESS","ESCI","723","0.7","0.16","97.46"%," 262/304 ","0.9","Q4","0.7","0.1"," 259/304 ","Q4","14.97","0","0.11","0.119","14.0","Q4","Q4","76","97.37"%,"5.3","9.1","74",
"Journal of Global Marketing","J GLOB MARK","TAYLOR & FRANCIS LTD","0891-1762","1528-6975","BUSINESS","ESCI","713","3.6","0.76","4.65"%," 113/304 ","N/A","N/A","3.6","12.5"," 115/304 ","Q2","62.34","0.001","0.113","N/A","63.0","Q2","N/A","2","100"%,"5.6","9.3","2",
"Business Ethics the Environment & Responsibility","BUS ETHICS ENV RESP","WILEY","2694-6416","2694-6424","BUSINESS","SSCI","704","3.6","1.06","29.97"%," 113/304 ","3.9","Q2","2.7","0.6"," 80/304 ","Q2","73.85","0.001","0.167","0.572","63.0","Q2","Q3","127","93.7"%,"1.9","8.3","119",
"BUSINESS AND SOCIETY REVIEW","BUS SOC REV","WILEY","0045-3609","1467-8594","BUSINESS","ESCI","685","1.8","0.43","22.11"%," 202/304 ","1.8","Q3","1.8","0.3"," 198/304 ","Q3","35.03","0","0.091","0.39","33.7","Q3","Q3","31","93.55"%,"9.9","8.8","29",
"RAE-Revista de Administracao de Empresas","RAE-REV ADMIN EMPRES","FUNDACAO GETULIO VARGAS","0034-7590","2178-938X","BUSINESS","SSCI","674","0.5","0.11","76.69"%," 275/304 ","0.9","Q4","0.4","0.1"," 275/304 ","Q4","9.70","0","0.064","0.167","9.7","Q4","Q4","60","90"%,"9.4","7.8","54",
"Journal of Social Marketing","J SOC MARKET","EMERALD GROUP PUBLISHING LTD","2042-6763","2042-6771","BUSINESS","SSCI","669","3.1","0.53","6.32"%," 130/304 ","2.7","Q3","2.4","0.4"," 170/304 ","Q3","44.24","0.001","0.114","0.444","57.4","Q2","Q3","31","100"%,"4.6","8.1","31",
"FIIB Business Review","FIIB BUS REV","SAGE PUBLICATIONS INDIA PVT LTD","2319-7145","2455-2658","BUSINESS","ESCI","648","2.5","0.56","3.63"%," 155/304 ","N/A","N/A","1.7","1.2"," 165/304 ","Q3","45.89","0","0.096","N/A","49.2","Q3","N/A","113","83.19"%,"1.9","7.7","94",
"Journal of Nonprofit & Public Sector Marketing","J NONPROFIT PUBLIC S","ROUTLEDGE JOURNALS, TAYLOR & FRANCIS LTD","1049-5142","1540-6997","BUSINESS","ESCI","643","1.3","0.23","13.04"%," 222/304 ","1.8","Q3","1.1","0.2"," 240/304 ","Q4","21.22","0.001","0.119","0.441","27.1","Q3","Q3","11","90.91"%,"7.8","8.7","10",
"Social Marketing Quarterly","SOC MARK Q","SAGE PUBLICATIONS LTD","1524-5004","1539-4093","BUSINESS","ESCI","637","2.3","0.44","19.3"%," 164/304 ","3.2","Q3","1.9","0.6"," 195/304 ","Q3","36.02","0","0.099","0.582","46.2","Q3","Q3","17","94.12"%,"6.2","8.3","16",
"Journal of Current Issues and Research In Advertising","J CURR ISS RES AD","TAYLOR & FRANCIS LTD","1064-1734","2164-7313","BUSINESS","ESCI","625","4.2","1.22","7.89"%," 84/304 ","3.3","Q3","3.6","0.9"," 62/304 ","Q1","79.77","0.001","0.187","0.903","72.5","Q2","Q2","25","100"%,"4.2","9.3","25",
"International Journal of Fashion Design Technology and Education","INT J FASH DES TECHN","TAYLOR & FRANCIS LTD","1754-3266","1754-3274","BUSINESS","ESCI","620","1.9","0.43","17.48"%," 195/304 ","N/A","N/A","1.5","0.3"," 198/304 ","Q3","35.03","0.001","0.11","N/A","36.0","Q3","N/A","64","96.88"%,"4.6","7.5","62",
"Review of International Business and Strategy","REV INT BUS STRATEGY","EMERALD GROUP PUBLISHING LTD","2059-6014","1758-8529","BUSINESS","ESCI","602","3.2","0.56","6.25"%," 127/304 ","2.9","Q3","2.9","0.3"," 165/304 ","Q3","45.89","0","0.102","0.37","58.4","Q2","Q3","18","94.44"%,"3.4","10.2","17",
"International Review on Public and Nonprofit Marketing","INT REV PUB NON MARK","SPRINGER HEIDELBERG","1865-1984","1865-1992","BUSINESS","ESCI","598","1.8","0.35","25"%," 202/304 ","2.2","Q3","1.4","0.8"," 217/304 ","Q3","28.78","0.001","0.124","0.416","33.7","Q3","Q3","32","96.88"%,"4.4","7.7","31",
"QME-Quantitative Marketing and Economics","QME-QUANT MARK ECON","SPRINGER","1570-7156","1573-711X","BUSINESS","SSCI","580","1.3","0.42","28.21"%," 222/304 ","1.6","Q3","1.3","0.4"," 201/304 ","Q3","34.05","0.001","0.135","1.198","27.1","Q3","Q2","15","100"%,"12.9","12.2","15",
"Critical Perspectives on International Business","CRIT PERSPECT INT BU","EMERALD GROUP PUBLISHING LTD","1742-2043","1758-6062","BUSINESS","ESCI","576","2","0.41","13.16"%," 186/304 ","2.1","Q3","1.7","0.6"," 203/304 ","Q3","33.39","0","0.108","0.432","39.0","Q3","Q3","16","81.25"%,"5.7","9.2","13",
"South Asian Journal of Business Studies","S ASIAN J BUS STUD","EMERALD GROUP PUBLISHING LTD","2398-628X","2398-6298","BUSINESS","ESCI","561","2.1","0.43","0"%," 177/304 ","3.4","Q2","2.1","0.5"," 198/304 ","Q3","35.03","0.001","0.117","0.443","41.9","Q3","Q3","14","100"%,"3.8","9.7","14",
"Asian Journal of Technology Innovation","ASIAN J TECHNOL INNO","ROUTLEDGE JOURNALS, TAYLOR & FRANCIS LTD","1976-1597","2158-6721","BUSINESS","SSCI","557","1.8","0.49","4.23"%," 202/304 ","2.3","Q3","1.7","0.2"," 184/304 ","Q3","39.64","0","0.087","0.361","33.7","Q3","Q3","25","100"%,"4.6","10.5","25",
"Journal of Indian Business Research","J INDIAN BUS RES","EMERALD GROUP PUBLISHING LTD","1755-4195","1755-4209","BUSINESS","ESCI","550","2.1","0.44","0"%," 177/304 ","2.5","Q3","2","0.6"," 195/304 ","Q3","36.02","0","0.084","0.341","41.9","Q3","Q3","13","84.62"%,"4.7","9.9","11",
"Journal of Business-to-Business Marketing","J BUS-BUS MARK","ROUTLEDGE JOURNALS, TAYLOR & FRANCIS LTD","1051-712X","1547-0628","BUSINESS","SSCI","533","2","0.35","11.43"%," 186/304 ","2.5","Q3","1.6","0.5"," 217/304 ","Q3","28.78","0","0.079","0.434","39.0","Q3","Q3","26","96.15"%,"6.3","10.4","25",
"Service Science","SERV SCI","INFORMS","2164-3962","2164-3970","BUSINESS","SSCI","533","1.9","0.44","0"%," 195/304 ","2.3","Q3","1.8","0.6"," 195/304 ","Q3","36.02","0","0.105","0.62","36.0","Q3","Q2","21","95.24"%,"6.5","7.9","20",
"Society and Business Review","SOC BUS REV","EMERALD GROUP PUBLISHING LTD","1746-5680","1746-5699","BUSINESS","ESCI","530","3.1","0.68","1"%," 130/304 ","2.4","Q3","2.8","0.4"," 132/304 ","Q2","56.74","0","0.107","0.385","57.4","Q2","Q3","23","86.96"%,"3.2","7.8","20",
"International Journal of the Economics of Business","INT J ECON BUS","ROUTLEDGE JOURNALS, TAYLOR & FRANCIS LTD","1357-1516","1466-1829","BUSINESS","ESCI","530","1.9","0.25","15.79"%," 195/304 ","1.5","Q3","1.9","0.1"," 234/304 ","Q4","23.19","0.001","0.124","0.641","36.0","Q3","Q2","13","76.92"%,"12.6","12.4","10",
"Journal of Global Scholars of Marketing Science","J GLOB SCHOLARS MARK","ROUTLEDGE JOURNALS, TAYLOR & FRANCIS LTD","2163-9159","2163-9167","BUSINESS","ESCI","523","1.9","0.37","0"%," 195/304 ","1.8","Q3","1.7","0.6"," 213/304 ","Q3","30.10","0","0.101","0.308","36.0","Q3","Q3","21","95.24"%,"4.6","7.9","20",
"Journal of Organization Design","J ORGAN DES","SPRINGERNATURE","N/A","2245-408X","BUSINESS","ESCI","517","2.1","0.36","55.77"%," 177/304 ","3.9","Q2","1.4","0.4"," 216/304 ","Q3","29.11","0.001","0.22","1.455","41.9","Q3","Q1","21","100"%,"5.5","9.4","21",
"Asia Pacific Journal of Innovation and Entrepreneurship","ASIA PAC J INNOV ENT","EMERALD GROUP PUBLISHING LTD","2071-1395","2398-7812","BUSINESS","ESCI","509","3.9","0.63","94.12"%," 100/304 ","3.9","Q2","3.9","0.7"," 145/304 ","Q2","52.47","0","0.091","0.563","67.3","Q2","Q3","17","94.12"%,"5.1","8.2","16",
"European Business Organization Law Review","EUR BUS ORGAN LAW RE","SPRINGER HEIDELBERG","1566-7529","1741-6205","BUSINESS","SSCI","509","2.1","1.8","63.44"%," 177/304 ","2.3","Q3","2","0.3"," 26/304 ","Q1","91.61","0.001","0.142","0.52","41.9","Q3","Q3","34","100"%,"3.9","5.1","34",
"Transnational Corporations Review","TRANSNATL CORP REV","ELSEVIER SCIENCE INC","1918-6444","1925-2099","BUSINESS","ESCI","509","1.6","0.58","57.89"%," 211/304 ","2","Q3","1.6","<0.1"," 159/304 ","Q3","47.86","0","0.101","0.311","30.8","Q3","Q3","11","100"%,"3.8","9.5","11",
"Revista Brasileira de Marketing","REV BRASIL MARK","UNIV NOVE JULHO","2177-5184","2177-5184","BUSINESS","ESCI","494","0.3","0.04","90.16"%," 287/304 ","0.3","Q4","0.2","<0.1"," 289/304 ","Q4","5.10","0","0.019","0.043","5.8","Q4","Q4","40","100"%,"9.4","7.3","40",
"Management & Marketing","MANAG MARK","SCIENDO","1842-0206","2069-8887","BUSINESS","ESCI","490","1.9","0.61","98.82"%," 195/304 ","2.3","Q3","1.8","0.1"," 151/304 ","Q2","50.49","0","0.092","0.325","36.0","Q3","Q3","31","93.55"%,"4","6.3","29",
"Journal of Entrepreneurship","J ENTREP","SAGE PUBLICATIONS INDIA PVT LTD","0971-3557","0973-0745","BUSINESS","ESCI","474","2.1","0.46","14.93"%," 177/304 ","3.1","Q3","2","<0.1"," 189/304 ","Q3","37.99","0","0.065","0.474","41.9","Q3","Q3","28","96.43"%,"6","10.4","27",
"ENTERPRISE & SOCIETY","ENTERP SOC","CAMBRIDGE UNIV PRESS","1467-2227","1467-2235","BUSINESS","SSCI","471","0.7","0.49","41.83"%," 262/304 ","0.8","Q4","0.6","0.2"," 184/304 ","Q3","39.64","0.001","0.186","0.475","14.0","Q4","Q3","35","97.14"%,"8.8","19.2","34",
"Journal of Industry Competition & Trade","J IND COMPET TRADE","SPRINGER","1566-1679","1573-7012","BUSINESS","ESCI","462","0.9","0.23","26.79"%," 249/304 ","1.5","Q3","0.9","0.1"," 240/304 ","Q4","21.22","0.001","0.147","0.587","18.3","Q4","Q3","14","100"%,"7.4","11.4","14",
"Foundations and Trends in Entrepreneurship","FOUND TRENDS ENTREP","NOW PUBLISHERS INC","1551-3114","1551-3122","BUSINESS","ESCI","434","1.5","0.37","0"%," 215/304 ","4","Q2","1.4","0.5"," 213/304 ","Q3","30.10","0","0.069","1.054","29.4","Q3","Q2","6","100"%,"10","10.4","6",
"Journal of Research in Marketing and Entrepreneurship","J RES MARK ENTREP","EMERALD GROUP PUBLISHING LTD","1471-5201","1471-521X","BUSINESS","ESCI","432","2","0.38","3.95"%," 186/304 ","2.3","Q3","1.5","0.3"," 208/304 ","Q3","31.74","0","0.051","0.301","39.0","Q3","Q4","24","87.5"%,"5.8","8.8","21",
"Recherche et Applications en Marketing-English Edition","RECH APPL MARKET-ENG","SAGE PUBLICATIONS INC","2051-5707","2051-5707","BUSINESS","ESCI","419","0.8","0.14","1.92"%," 258/304 ","1.2","Q4","0.7","0.1"," 265/304 ","Q4","12.99","0","0.06","0.297","15.3","Q4","Q4","19","89.47"%,"8","10.4","17",
"International Journal of Indian Culture and Business Management","INT J INDIAN CULT BU","INDERSCIENCE ENTERPRISES LTD","1753-0806","1753-0814","BUSINESS","ESCI","418","0.7","0.14","0"%," 262/304 ","0.8","Q4","0.3","0.1"," 265/304 ","Q4","12.99","0","0.029","0.049","14.0","Q4","Q4","87","97.7"%,"4.9","9.9","85",
"RBGN-Revista Brasileira de Gestao de Negocios","RBGN-REV BRAS GEST N","FUND ESCOLA COMERCIO ALVARES PENTEADO-FECAP","1806-4892","1983-0807","BUSINESS","SSCI","405","0.7","0.18","98.18"%," 262/304 ","1.2","Q4","0.7","0.1"," 254/304 ","Q4","16.61","0","0.066","0.174","14.0","Q4","Q4","30","100"%,"5","7.9","30",
"Frontiers of Business Research in China","FRONT BUS RES CHINA","HIGHER EDUCATION PRESS","1673-7326","1673-7431","BUSINESS","ESCI","404","1.3","0.47","20"%," 222/304 ","2.7","Q3","1.3","<0.1"," 187/304 ","Q3","38.65","0","0.09","0.496","27.1","Q3","Q3","20","100"%,"4.7","9.1","20",
"Business and Human Rights Journal","BUS HUM RIGHTS J","CAMBRIDGE UNIV PRESS","2057-0198","2057-0201","BUSINESS","ESCI","397","2.3","1.57","52.94"%," 164/304 ","2.1","Q3","2","0.3"," 36/304 ","Q1","88.32","0.001","0.188","0.749","46.2","Q3","Q2","40","100"%,"3.1","5.8","40",
"Academia-Revista Latinoamericana de Administracion","ACAD-REV LATINOAM AD","EMERALD GROUP PUBLISHING LTD","1012-8255","2056-5127","BUSINESS","SSCI","396","1.3","0.28","8.75"%," 222/304 ","1.5","Q3","1.2","0.3"," 229/304 ","Q4","24.84","0","0.066","0.236","27.1","Q3","Q4","28","100"%,"5.4","9.2","28",
"South African Journal of Business Management","S AFR J BUS MANAG","AOSIS","2078-5585","2078-5976","BUSINESS","SSCI","393","0.9","0.19","97.73"%," 249/304 ","1.2","Q4","0.8","0.1"," 253/304 ","Q4","16.94","0","0.055","0.214","18.3","Q4","Q4","36","100"%,"6.9","8.8","36",
"Innovative Marketing","INNOV MARKET","LLC CPC BUSINESS PERSPECTIVES","1814-2427","1816-6326","BUSINESS","ESCI","383","1.2","0.24","99.53"%," 231/304 ","N/A","N/A","1","0.3"," 237/304 ","Q4","22.20","0","0.051","N/A","24.2","Q4","N/A","88","100"%,"3.4","6.4","88",
"Small Enterprise Research","SMALL ENTERP RES","ROUTLEDGE JOURNALS, TAYLOR & FRANCIS LTD","1321-5906","1175-0979","BUSINESS","ESCI","376","1.7","0.35","14.75"%," 209/304 ","2.2","Q3","1.6","0.2"," 217/304 ","Q3","28.78","0","0.071","0.398","31.4","Q3","Q3","13","100"%,"5.2","8.6","13",
"JOURNAL OF ENTERPRISING CULTURE","J ENTERPRISING CULT","WORLD SCIENTIFIC PUBL CO PTE LTD","0218-4958","1793-6330","BUSINESS","ESCI","375","0.8","0.16","2.17"%," 258/304 ","1.5","Q3","0.8","0.3"," 259/304 ","Q4","14.97","0","0.038","0.25","15.3","Q4","Q4","12","100"%,"10","12.8","12",
"RAUSP Management Journal","RAUSP MANAG J","EMERALD GROUP PUBLISHING LTD","2531-0488","2531-0488","BUSINESS","ESCI","373","1.3","0.31","92.65"%," 222/304 ","2.3","Q3","1.3","0.4"," 225/304 ","Q3","26.15","0.001","0.132","0.467","27.1","Q3","Q3","17","94.12"%,"4.4","7.4","16",
"Journal of Eastern European and Central Asian Research","J E EUR CENT ASIAN R","INST EASTERN EUROPE & CENTAL ASIA","2328-8272","2328-8280","BUSINESS","ESCI","368","1.6","0.46","85.54"%," 211/304 ","1.4","Q4","0.7","0.5"," 189/304 ","Q3","37.99","0","0.034","0.084","30.8","Q3","Q4","107","99.07"%,"1.8","5.7","106",
"Maritime Business Review","MARIT BUS REV","EMERALD GROUP PUBLISHING LTD","2397-3757","2397-3765","BUSINESS","ESCI","351","2","0.52","95.65"%," 186/304 ","2.5","Q3","1.9","0.6"," 174/304 ","Q3","42.93","0","0.089","0.447","39.0","Q3","Q3","27","92.59"%,"3.8","8.2","25",
"INTERNATIONAL JOURNAL OF LEARNING AND INTELLECTUAL CAPITAL","INT J LEARN INTELL C","INDERSCIENCE ENTERPRISES LTD","1479-4853","1479-4861","BUSINESS","ESCI","342","1.5","0.38","0"%," 215/304 ","N/A","N/A","0.8","0.2"," 208/304 ","Q3","31.74","0","0.02","N/A","29.4","Q3","N/A","30","100"%,"5.6","10.7","30",
"Journal of Media Business Studies","J MEDIA BUS STUD","ROUTLEDGE JOURNALS, TAYLOR & FRANCIS LTD","1652-2354","2376-2977","BUSINESS","ESCI","336","0.6","0.24","20.93"%," 269/304 ","2","Q3","0.6","0.3"," 237/304 ","Q4","22.20","0","0.085","0.507","11.7","Q4","Q3","12","100"%,"5.8","7.4","12",
"Journal of Entrepreneurship Management and Innovation","J ENTREP MANAG INNOV","Cognitione Foundation for the Dissemination of Knowledge and Science","2299-7075","2299-7326","BUSINESS","ESCI","329","2.3","0.46","100"%," 164/304 ","1.8","Q3","2.1","0.9"," 189/304 ","Q3","37.99","0","0.06","0.26","46.2","Q3","Q4","26","92.31"%,"3.4","8.3","24",
"ENGINEERING ECONOMIST","ENG ECON","TAYLOR & FRANCIS INC","0013-791X","1547-2701","BUSINESS","SSCI","329","1","0.12","9.09"%," 243/304 ","1.2","Q4","0.9","0.2"," 272/304 ","Q4","10.69","0","0.027","0.192","20.2","Q4","Q4","11","100"%,"11.9","9.3","11",
"Journal of Asian Business and Economic Studies","J ASIAN BUS ECON ST","EMERALD GROUP PUBLISHING LTD","N/A","2515-964X","BUSINESS","ESCI","292","3.3","1.03","98.18"%," 123/304 ","N/A","N/A","3.2","1.3"," 84/304 ","Q2","72.53","0","0.069","N/A","59.7","Q2","N/A","19","94.74"%,"3.1","9.6","18",
"INTERNATIONAL JOURNAL OF INTERNET MARKETING AND ADVERTISING","INT J INTERNET MARK","INDERSCIENCE ENTERPRISES LTD","1477-5212","1741-8100","BUSINESS","ESCI","290","1.3","0.21","0"%," 222/304 ","N/A","N/A","0.9","0.4"," 246/304 ","Q4","19.24","0","0.033","N/A","27.1","Q3","N/A","37","91.89"%,"4.6","8.4","34",
"AMERICAN BUSINESS LAW JOURNAL","AM BUS LAW J","WILEY","0002-7766","1744-1714","BUSINESS","SSCI","288","1.3","0.82","25.53"%," 222/304 ","1.5","Q3","0.9","0.1"," 109/304 ","Q2","64.31","0","0.065","0.444","27.1","Q3","Q3","16","100"%,"9.5","7.7","16",
"Pacific Business Review International","PAC BUS REV INT","PACIFIC INST MANAGEMENT","0974-438X","0974-438X","BUSINESS","ESCI","276","0.1","0.02","0"%," 297/304 ","0.2","Q4","0.1","<0.1"," 296/304 ","Q4","2.80","0","0.039","0.028","2.5","Q4","Q4","159","93.71"%,"6","9.1","149",
"Journal of East-West Business","J EAST-WEST BUS","ROUTLEDGE JOURNALS, TAYLOR & FRANCIS LTD","1066-9868","1528-6959","BUSINESS","ESCI","246","1.2","0.15","5.45"%," 231/304 ","1.4","Q4","1.1","0.1"," 262/304 ","Q4","13.98","0","0.043","0.262","24.2","Q4","Q4","17","100"%,"5.5","10.4","17",
"Journal of World Energy Law & Business","J WORLD ENERGY LAW B","OXFORD UNIV PRESS","1754-9957","1754-9965","BUSINESS","SSCI","243","1","0.7","24.77"%," 243/304 ","0.8","Q4","0.9","0.3"," 127/304 ","Q2","58.39","0","0.058","0.192","20.2","Q4","Q4","37","97.3"%,"4.8","5.6","36",
"Foreign Trade Review","FOREIGN TRADE REV","SAGE PUBLICATIONS INDIA PVT LTD","0015-7325","0971-7625","BUSINESS","ESCI","240","1.1","0.31","9.09"%," 237/304 ","N/A","N/A","0.8","0.2"," 225/304 ","Q3","26.15","0","0.043","N/A","22.2","Q4","N/A","30","90"%,"3.8","11.7","27",
"International Journal of E-Business Research","INT J E-BUS RES","IGI GLOBAL","1548-1131","1548-114X","BUSINESS","ESCI","239","0.9","0.23","93.15"%," 249/304 ","1.2","Q4","0.9","0.4"," 240/304 ","Q4","21.22","0","0.035","0.165","18.3","Q4","Q4","23","100"%,"5.3","8.1","23",
"Custos e Agronegocio On Line","CUST AGRONEGOCIO","UNIV FED RURAL PERNAMBUCO, DEPT ADMINISTRACAO","1808-2882","1808-2882","BUSINESS","SSCI","236","0.2","0.1","0"%," 290/304 ","0.3","Q4","0.2","<0.1"," 276/304 ","Q4","9.38","0","0.032","0.033","4.8","Q4","Q4","31","100"%,"5","10.7","31",
"Management Theory and Studies for Rural Business and Infrastructure Development","MANAG THEORY STUD RU","VYTAUTAS MAGNUS UNIV","1822-6760","2345-0355","BUSINESS","ESCI","230","0.9","0.23","95.42"%," 249/304 ","0.7","Q4","0.7","0.1"," 240/304 ","Q4","21.22","0","0.056","0.116","18.3","Q4","Q4","46","97.83"%,"3.3","4.2","45",
"American Journal of Business","AM J BUS","EMERALD GROUP PUBLISHING LTD","1935-519X","1935-5181","BUSINESS","ESCI","228","1.1","0.16","2.94"%," 237/304 ","1.4","Q4","0.9","0.6"," 259/304 ","Q4","14.97","0","0.021","0.227","22.2","Q4","Q4","16","87.5"%,"8.4","8.2","14",
"Central European Business Review","CENT EUR BUS REV","UNIV ECONOMICS-PRAGUE","N/A","1805-4862","BUSINESS","ESCI","227","1.6","0.32","98.88"%," 211/304 ","1.5","Q3","1.3","0.3"," 223/304 ","Q3","26.81","0","0.041","0.193","30.8","Q3","Q4","33","100"%,"3.4","7.6","33",
"Journal of Electronic Commerce in Organizations","J ELECTRON COMMER OR","IGI GLOBAL","1539-2937","1539-2929","BUSINESS","ESCI","226","0.9","0.29","55.32"%," 249/304 ","1","Q4","0.9","<0.1"," 228/304 ","Q3","25.16","0","0.033","0.163","18.3","Q4","Q4","4","100"%,"5.8","5.7","4",
"Journal of Creating Value","J CREAT VALUE","SAGE PUBLICATIONS INC","2394-9643","2454-213X","BUSINESS","ESCI","223","0.7","0.14","17.31"%," 262/304 ","N/A","N/A","0.6","0.2"," 265/304 ","Q4","12.99","0","0.032","N/A","14.0","Q4","N/A","18","88.89"%,"5.2","8.9","16",
"International Journal of Business","INT J BUS","Chaoyang Univ Technology","1083-4346","1083-4346","BUSINESS","ESCI","219","0.5","0.07","0"%," 275/304 ","0.7","Q4","0.5","0.1"," 282/304 ","Q4","7.40","0","0.021","0.099","9.7","Q4","Q4","24","100"%,"8.4","12.5","24",
"Business Systems Research Journal","BUS SYST RES J","SCIENDO","1847-8344","1847-9375","BUSINESS","ESCI","216","1.2","0.25","100"%," 231/304 ","1.2","Q4","1.2","0.1"," 234/304 ","Q4","23.19","0","0.053","0.208","24.2","Q4","Q4","7","85.71"%,"3.9","9.1","6",
"International Journal of Asian Business and Information Management","INT J ASIAN BUS INF","IGI GLOBAL","1947-9638","1947-9646","BUSINESS","ESCI","211","1","0.25","99.07"%," 243/304 ","1.1","Q4","0.9","0.2"," 234/304 ","Q4","23.19","0","0.044","0.148","20.2","Q4","Q4","18","100"%,"3.3","10.4","18",
"Journal of Historical Research in Marketing","J HIST RES MARKETING","EMERALD GROUP PUBLISHING LTD","1755-750X","1755-7518","BUSINESS","ESCI","207","0.5","0.08","12.77"%," 275/304 ","0.6","Q4","0.4","<0.1"," 278/304 ","Q4","8.72","0","0.029","0.157","9.7","Q4","Q4","16","87.5"%,"8.9","14.2","14",
"International Journal of Innovation","INT J INNOV","UNIV NOVE JULHO","2318-9975","2318-9975","BUSINESS","ESCI","195","0.5","0.08","73.75"%," 275/304 ","1","Q4","0.5","0.1"," 278/304 ","Q4","8.72","0","0.032","0.141","9.7","Q4","Q4","27","96.3"%,"5","7.4","26",
"Cuadernos de Gestion","CUAD GEST","UNIV PAIS VASCO, INST ECONOMIA APLICADA EMPRESA","1131-6837","1988-2157","BUSINESS","ESCI","189","1.8","0.35","95.38"%," 202/304 ","1.1","Q4","1.6","0.6"," 217/304 ","Q3","28.78","0","0.027","0.147","33.7","Q3","Q4","17","94.12"%,"2.9","6.4","16",
"Journal for International Business and Entrepreneurship Development","J INT BUS ENTREP DEV","INDERSCIENCE ENTERPRISES LTD","1549-9324","1747-6763","BUSINESS","ESCI","186","1.5","0.3","0"%," 215/304 ","1.6","Q3","0.9","0.2"," 227/304 ","Q3","25.49","0","0.024","0.171","29.4","Q3","Q4","18","100"%,"3.8","7.9","18",
"Revista de Historia Industrial","REV HIST INDUST","UNIV BARCELONA, DEPT HISTORIA, INST ECONOMIQUES","1132-7200","2385-3247","BUSINESS","SSCI","186","0.4","0.28","62.79"%," 283/304 ","0.4","Q4","0.4","0.5"," 229/304 ","Q4","24.84","0","0.043","0.305","7.1","Q4","Q4","16","100"%,"13.3","21.8","16",
"Gadjah Mada international journal of business","GADJAH MADA INT J BU","GADJAH MADA UNIV, MASTER MANAGEMENT PROGRAM, FAC ECONOMICS & BUSINESS","1411-1128","2338-7238","BUSINESS","ESCI","181","1.1","0.17","15.56"%," 237/304 ","1.1","Q4","1.1","0.4"," 256/304 ","Q4","15.95","0","0.02","0.154","22.2","Q4","Q4","15","100"%,"6.3","10.3","15",
"BETRIEBSWIRTSCHAFTLICHE FORSCHUNG UND PRAXIS","BETRIEB FORSCH PRAX","VERLAG NEUE WIRTSCHAFTS-BRIEFE","0340-5370","0340-5370","BUSINESS","SSCI","171","0.1","0.02","0"%," 297/304 ","0.2","Q4","0.1","<0.1"," 296/304 ","Q4","2.80","0","0.006","0.024","2.5","Q4","Q4","32","90.63"%,"13.4","13.6","29",
"International Journal of Business Environment","INT J BUS ENVIRON","INDERSCIENCE ENTERPRISES LTD","1740-0589","1740-0597","BUSINESS","ESCI","165","1.1","0.2","3.28"%," 237/304 ","1.2","Q4","1","0.4"," 250/304 ","Q4","17.93","0","0.026","0.175","22.2","Q4","Q4","21","95.24"%,"4.8","9.4","20",
"Accounting History Review","ACCOUNT HIST REV","ROUTLEDGE JOURNALS, TAYLOR & FRANCIS LTD","2155-2851","2155-286X","BUSINESS","ESCI","148","0.8","0.21","0"%," 258/304 ","1.2","Q4","0.4","0.3"," 246/304 ","Q4","19.24","0","0.034","0.379","15.3","Q4","Q3","6","100"%,"7.1","16.7","6",
"Journal of the International Council for Small Business","J INT COUNC SMALL BU","TAYLOR & FRANCIS LTD","2643-7015","2643-7023","BUSINESS","ESCI","133","1","0.2","12.24"%," 243/304 ","N/A","N/A","0.8","0.4"," 250/304 ","Q4","17.93","0","0.03","N/A","20.2","Q4","N/A","31","100"%,"2.6","8.4","31",
"Journal of Philanthropy and Marketing","J PHILANTHROPY MARK","WILEY","N/A","2691-1361","BUSINESS","ESCI","128","1.5","0.27","35.58"%," 215/304 ","1.7","Q3","1.1","0.4"," 231/304 ","Q4","24.18","0","0.042","0.357","29.4","Q3","Q3","39","94.87"%,"1.8","8.6","37",
"Revista de Gestao e Projetos","REV GES PROJ","UNIV NOVE JULHO","2236-0972","2236-0972","BUSINESS","ESCI","123","0.6","0.05","97.33"%," 269/304 ","0.6","Q4","0.3","0.3"," 285/304 ","Q4","6.41","0","0.014","0.063","11.7","Q4","Q4","27","92.59"%,"4.5","7.2","25",
"International Journal of Online Marketing","INT J ONLINE MARKET","IGI GLOBAL","2156-1753","2156-1745","BUSINESS","ESCI","116","1.1","0.23","50"%," 237/304 ","0.8","Q4","1.1","N/A"," 240/304 ","Q4","21.22","0","0.019","0.112","22.2","Q4","Q4","0","N/A","3.9","N/A","0",
"ESIC Market","ESIC MARK","ESCUELA SUPERIOR GESTION COMERCIAL & MARKETING","0212-1867","1989-3574","BUSINESS","ESCI","112","1.9","0.24","96.97"%," 195/304 ","1.2","Q4","1.9","1.4"," 237/304 ","Q4","22.20","0","0.024","0.236","36.0","Q3","Q4","12","91.67"%,"3","5.3","11",
"Journal of Intelligence Studies in Business","J INTELL STUD BUS","HALMSTAD UNIV, SWEDEN","2001-015X","2001-015X","BUSINESS","ESCI","112","0.9","0.15","2.13"%," 249/304 ","0.8","Q4","0.6","0.6"," 262/304 ","Q4","13.98","0","0.012","0.084","18.3","Q4","Q4","16","93.75"%,"5.1","6.4","15",
"Foundations and Trends in Marketing","FOUND TRENDS MARKET","NOW PUBLISHERS INC","1555-0753","1555-0761","BUSINESS","ESCI","111","0.5","0.13","56.52"%," 275/304 ","1.1","Q4","0.5","0.3"," 271/304 ","Q4","11.02","0","0.04","0.55","9.7","Q4","Q3","3","100"%,"11.4","8.7","3",
"Revue Internationale PME","REV INT PME","EDITIONS E M S","0776-5436","0776-5436","BUSINESS","ESCI","109","0.5","0.05","0"%," 275/304 ","0.4","Q4","0.3","<0.1"," 285/304 ","Q4","6.41","0","0.011","0.058","9.7","Q4","Q4","19","100"%,"7.5","9.2","19",
"Suma de Negocios","SUMA NEG","FUNDACION UNIV KONRAD LORENZ","2215-910X","2027-5692","BUSINESS","ESCI","109","0.3","0.06","100"%," 287/304 ","0.3","Q4","0.3","<0.1"," 283/304 ","Q4","7.07","0","0.009","0.054","5.8","Q4","Q4","16","93.75"%,"7.4","5","15",
"Scientific Papers of the University of Pardubice-Series D-Faculty of Economics and Administration","SCI PAP U PARD-SER D","Univ Pardubice, Fac Economics Adm","1211-555X","1804-8048","BUSINESS","ESCI","107","1","0.21","98.86"%," 243/304 ","N/A","N/A","0.9","0.4"," 246/304 ","Q4","19.24","0","0.023","N/A","20.2","Q4","N/A","20","100"%,"2.5","5.2","20",
"REUNIR-Revista de Administracao Contabilidade e Sustentabilidade","REUNIR-REV ADM CONTA","UNIV FEDERAL CAMPINA GRANDE, CENTRO CIENCIAS JURIDICAS & SOCIAIS","2237-3667","2237-3667","BUSINESS","ESCI","107","0.2","0.02","0"%," 290/304 ","0.4","Q4","0.2","<0.1"," 296/304 ","Q4","2.80","0","0.013","0.058","4.8","Q4","Q4","86","94.19"%,"6.7","8.6","81",
"AD-minister","AD-MINIST","UNIV EAFIT","1692-0279","2256-4322","BUSINESS","ESCI","102","0.7","0.14","83.87"%," 262/304 ","0.7","Q4","0.7","<0.1"," 265/304 ","Q4","12.99","0","0.01","0.082","14.0","Q4","Q4","5","100"%,"6.1","8.5","5",
"3C Empresa","3C EMPRESA","AREA INNOVACION & DESARROLLO","2254-3376","2254-3376","BUSINESS","ESCI","92","1.2","0.12","98.95"%," 231/304 ","0.6","Q4","1.1","0.2"," 272/304 ","Q4","10.69","0","0.016","0.075","24.2","Q4","Q4","45","100"%,"N/A","4.9","45",
"Review of Business","REV BUS","ST JOHNS UNIV BUSINESS RESEARCH INST","0034-6454","0034-6454","BUSINESS","ESCI","92","0.9","0.17","0"%," 249/304 ","0.6","Q4","0.9","<0.1"," 256/304 ","Q4","15.95","0","0.007","0.089","18.3","Q4","Q4","6","100"%,"N/A","12.8","6",
"International Journal of Business Analytics","INT J BUS ANAL","IGI GLOBAL","2334-4547","2334-4555","BUSINESS","ESCI","89","0.6","0.17","64.91"%," 269/304 ","0.7","Q4","0.6","<0.1"," 256/304 ","Q4","15.95","0","0.021","0.105","11.7","Q4","Q4","7","85.71"%,"N/A","13.5","6",
"Gestao e Desenvolvimento","GEST DESENVOLV","UNIV FEEVALE, INST CIENCIAS SOCIAIS APLICADASICSA","1807-5436","2446-6875","BUSINESS","ESCI","88","0.5","0.01","98.57"%," 275/304 ","0.4","Q4","0.3","0.1"," 301/304 ","Q4","1.15","0","0.015","0.064","9.7","Q4","Q4","20","85"%,"N/A","7","17",
"Market-Trziste","MARK-TRZ","CROMAR","0353-4790","1849-1383","BUSINESS","ESCI","86","0.4","0.08","100"%," 283/304 ","0.5","Q4","0.3","0.1"," 278/304 ","Q4","8.72","0","0.014","0.108","7.1","Q4","Q4","13","100"%,"N/A","8.4","13",
"Revista Brasileira de Inovacao","REV BRAS INOV","UNIV ESTADUAL CAMPINAS, INST GEOCIENCIAS, DEPT POLITICA CIENTIFICA & TECN","1677-2504","2178-2822","BUSINESS","ESCI","84","0.2","0.05","84.91"%," 290/304 ","0.3","Q4","0.2","0.6"," 285/304 ","Q4","6.41","0","0.013","0.082","4.8","Q4","Q4","18","100"%,"N/A","6.8","18",
"Biznes Informatika-Business Informatics","BIZN INFORM","NATL RESEARCH UNIV, HIGHER SCH ECONOMICS","1998-0663","1998-0663","BUSINESS","ESCI","78","0.6","0.12","100"%," 269/304 ","0.4","Q4","0.5","0.2"," 272/304 ","Q4","10.69","0","0.012","0.053","11.7","Q4","Q4","18","94.44"%,"N/A","7.2","17",
"ACCESS-Access to science business innovation in the digital economy","ACCESS-ACCESS SCI BU","Access Press Publishing House","N/A","2683-1007","BUSINESS","ESCI","77","0.8","0.23","96.05"%," 258/304 ","1.1","Q4","0.6","0.4"," 240/304 ","Q4","21.22","0","0.007","0.07","15.3","Q4","Q4","32","93.75"%,"N/A","6.9","30",
"Arts and the Market","ARTS MARK","EMERALD GROUP PUBLISHING LTD","2056-4945","2056-4953","BUSINESS","ESCI","74","0.7","0.15","17.39"%," 262/304 ","0.6","Q4","0.7","<0.1"," 262/304 ","Q4","13.98","0","0.023","0.167","14.0","Q4","Q4","12","100"%,"N/A","8.8","12",
"African Journal of Business Ethics","AFR J BUS ETHICS","SUNJOURNALS","1817-7417","0976-3600","BUSINESS","ESCI","66","0.6","0.09","75"%," 269/304 ","0.7","Q4","0.5","<0.1"," 277/304 ","Q4","9.05","0","0.017","0.257","11.7","Q4","Q4","4","100"%,"N/A","6.5","4",
"WPOM-Working Papers on Operations Management","WPOM-WORKING PAP OPE","UNIV POLITECNICA VALENCIA, EDITORIAL UPV","1989-9068","1989-9068","BUSINESS","ESCI","59","1.4","0.2","90.48"%," 220/304 ","0.9","Q4","1.1","0.4"," 250/304 ","Q4","17.93","0","0.006","0.084","27.8","Q3","Q4","7","71.43"%,"N/A","6.9","5",
"Economics Ecology Socium","ECON ECOL SOC","Dr. Viktor Koval","2616-7107","2786-8958","BUSINESS","ESCI","52","0.6","0.14","97.26"%," 269/304 ","N/A","N/A","0.6","0.4"," 265/304 ","Q4","12.99","0","0.011","N/A","11.7","Q4","N/A","30","96.67"%,"N/A","4","29",
"Business Management and Economics Engineering","BUS MANAG ECON ENG","VILNIUS GEDIMINAS TECH UNIV","2669-2481","2669-249X","BUSINESS","ESCI","51","0.9","0.41","100"%," 249/304 ","0.9","Q4","0.9","0.3"," 203/304 ","Q3","33.39","0","0.009","0.112","18.3","Q4","Q4","17","100"%,"N/A","5.5","17",
"Revista Empresa y Humanismo","REV EMPRES HUMANISMO","UNIV NAVARRA, SERVICIO PUBLICACIONES","1139-7608","2254-6413","BUSINESS","ESCI","47","0.4","0.03","94.12"%," 283/304 ","0.5","Q4","0.4","0.1"," 292/304 ","Q4","4.11","0","0.012","0.138","7.1","Q4","Q4","15","100"%,"N/A","12.7","15",
"Revista de Estudios Empresariales-Segunda Epoca","REV ESTUD EMPRESARIA","UNIV JAEN, SERV PUBLICACIONES","0213-8964","1988-9046","BUSINESS","ESCI","47","0.1","0.03","90.48"%," 297/304 ","0.3","Q4","0.1","<0.1"," 292/304 ","Q4","4.11","0","0.007","0.05","2.5","Q4","Q4","15","100"%,"N/A","8.2","15",
"Clio America","CLIO AM","UNIV MAGDALENA","1909-941X","2389-7848","BUSINESS","ESCI","43","0.4","0.06","100"%," 283/304 ","0.3","Q4","0.4","<0.1"," 283/304 ","Q4","7.07","0","0.007","0.056","7.1","Q4","Q4","7","100"%,"N/A","7.3","7",
"Revista Universidad Empresa","REV UNIV EMPRES","UNIV ROSARIO, EDITORIAL","0124-4639","2145-4558","BUSINESS","ESCI","41","0.3","0.02","86.67"%," 287/304 ","0.3","Q4","0.3","<0.1"," 296/304 ","Q4","2.80","0","0.008","0.044","5.8","Q4","Q4","20","85"%,"N/A","5.9","17",
"Casopis za Ekonomiju i Trzisne Komunikacije","CAS EKON TRZ KOMUN","PAN-EUROPEAN UNIV APEIRON","2232-8823","2232-9633","BUSINESS","ESCI","33","0.2","0.04","85.59"%," 290/304 ","0.2","Q4","0.1","0.1"," 289/304 ","Q4","5.10","0","0.004","0.014","4.8","Q4","Q4","31","96.77"%,"N/A","9.9","30",
"Retail and Marketing Review","RETAIL MARK REV","MC CANT","2708-3209","2708-3209","BUSINESS","ESCI","30","0.2","0.05","0"%," 290/304 ","0.3","Q4","0.2","<0.1"," 285/304 ","Q4","6.41","0","0.007","0.05","4.8","Q4","Q4","17","94.12"%,"N/A","6.6","16",
"UCJC Business and Society Review","UCJC BUS SOC REV","UNIV CAMILO JOSE CELA","2659-3270","2659-3270","BUSINESS","ESCI","24","0.5","0.08","0"%," 275/304 ","0.3","Q4","0.4","<0.1"," 278/304 ","Q4","8.72","0","0.011","0.085","9.7","Q4","Q4","19","100"%,"N/A","7.9","19",
"Turkish Journal of Business Ethics","TURK J BUS ETHICS","IGIAD-TURKISH ENTREPRENEURSHIP & BUSINESS ETHICS ASSOC","1308-4070","2149-8148","BUSINESS","ESCI","18","0.2","0.03","55.26"%," 290/304 ","0.2","Q4","0.2","<0.1"," 292/304 ","Q4","4.11","0","0.003","0.022","4.8","Q4","Q4","13","100"%,"N/A","12.1","13",
"Asian Case Research Journal","ASIAN CASE RES J","WORLD SCIENTIFIC PUBL CO PTE LTD","0218-9275","1793-6772","BUSINESS","ESCI","17","0.1","0.02","0"%," 297/304 ","0.1","Q4","0.1","<0.1"," 296/304 ","Q4","2.80","0","0.002","0.013","2.5","Q4","Q4","14","100"%,"N/A","3","14",
"Caderno Profissional de Marketing Unimep","CAD PROFISSIONAL MAR","UNIV METODISTA PIRACICABA-UNIMEP","N/A","2317-6466","BUSINESS","ESCI","17","<0.1","0.01","0"%," 304/304 ","0.1","Q4","<0.1","<0.1"," 301/304 ","Q4","1.15","0","0.003","0.008","0.2","Q4","Q4","8","100"%,"N/A","17","8",
"Inquietud Empresarial","INQUIET EMPRESARIAL","UNIV PEDAGOGICA & TECNOLOGICA COLOMBIA","0121-1048","2422-3220","BUSINESS","ESCI","14","0.2","0.03","86.11"%," 290/304 ","0.2","Q4","0.2","<0.1"," 292/304 ","Q4","4.11","0","0.003","0.037","4.8","Q4","Q4","11","90.91"%,"N/A","8.4","10",
"Journal of Inter-Organizational Relationships","J INTER-ORGAN RELATS","ROUTLEDGE JOURNALS, TAYLOR & FRANCIS LTD","2694-3980","2694-3999","BUSINESS","ESCI","12","0.9","0.14","5.88"%," 249/304 ","0.9","Q4","0.8","<0.1"," 265/304 ","Q4","12.99","0","0.005","0.192","18.3","Q4","Q4","4","75"%,"N/A","17.6","3",
"Gurukul Business Review-GBR","GURUKUL BUS REV-GBR","GURUKUL KANGRI UNIV, FAC MANAGEMENT STUDIES","0973-1466","0973-9262","BUSINESS","ESCI","9","0.1","0.04","0"%," 297/304 ","0.2","Q4","0.1","N/A"," 289/304 ","Q4","5.10","0","0.001","0.021","2.5","Q4","Q4","0","N/A","N/A","N/A","0",
"Revista Ecorfan","REV ECORFAN","ECORFAN-MEXICO SC","2007-1582","2007-3682","BUSINESS","ESCI","8","0.1","0.01","92.31"%," 297/304 ","<0.1","Q4","0.1","0.2"," 301/304 ","Q4","1.15","0","0.001","0.014","2.5","Q4","Q4","9","100"%,"N/A","9.7","9",
"Revista Perspectiva Empresarial","REV PERSPECT EMPERSA","CEIPA BUSINESS SCH","2389-8186","2389-8194","BUSINESS","ESCI","8","0.1","0.01","62.5"%," 297/304 ","0.1","Q4","0.1","<0.1"," 301/304 ","Q4","1.15","0","0.003","0.019","2.5","Q4","Q4","8","87.5"%,"N/A","10.7","7",

Copyright (c) 2024 Clarivate 
By exporting the selected data; you agree to the data usage policy set forth in the Terms of Use 
